id	status	family	source_games	portable_mechanic	nearest_existing	structural_difference	arc3_research_question	transferability	evidence_url
fl001	promote	constraint-propagation	PLANned	Clicking a rectangle expands it on a grid; no rectangle may be selected twice consecutively, each has a small expansion budget, and the final shapes must form one connected structure.	f010 panel-topology; f040 packing	Actions change both local geometry and the future action schedule, so connectivity is solved jointly with a no-repeat temporal constraint.	Can an agent plan a connected construction when each spatial operation also constrains the next legal operator?	direct	https://jayisgames.com/review/planned.php
fl002	promote	broadcast-branch-growth	Rings and Sticks	One selected growth operation is broadcast to every active branch tip; a choice that advances one frontier may permanently spoil another.	f016 order-dependent growth	The controlled object is a changing set of frontiers receiving the same command, not independent objects selected one at a time.	Can an agent reason about one action's heterogeneous consequences across all currently active growth sites?	direct	https://jayisgames.com/review/rings-and-sticks.php
fl003	promote	composition-dependent-semantics	Tower of Babblers	The action performed by a worker group is determined by its color multiset: matching workers build, mixed pairs stall, and a complete three-color group demolishes.	a123 Same Row Different Role	Roles emerge from group composition at the moment of contact rather than being permanently attached to individuals.	Can an agent construct useful teams when membership itself selects the transition rule?	direct	https://jayisgames.com/review/tower-of-babblers.php
fl004	promote	conservative-split-merge-transport	Jelly Fusion	Moving a group must leave one unit behind, singletons can move only onto occupied cells, and destinations have capacity limits; exact target populations require coupled splitting and merging.	q172 Fluid Blend	The conserved quantity is discrete population with source residue and destination-capacity constraints, not divisible fluid proportions.	Can an agent solve transport under conservation, compulsory residue, and capacity simultaneously?	direct	https://www.jayisgames.com/review/jelly-fusion.php
fl005	promote	causal-partial-order-inference	NOBuzzle Tree	Clicking one fruit stimulates a consistent subset of other fruits; the player infers pairwise dependencies and finds a click order that activates the tree.	q018 Exchange Circle	The hidden partial order is causal and interventionally observable, not a static social preference inferred from acceptance.	Can an agent recover a small causal DAG from interventions and then execute a valid topological order?	direct	https://jayisgames.com/review/nobuzzle-tree.php
fl006	adjacent	batched-path-commit	enQbate	The player highlights a short path and commits the whole segment at once; committed cells cannot be revisited, and later stages add warp cells.	q148 Delayed Commit	The proposed segment becomes irreversible board occupancy and the puzzle requires repeated local commits, while q148 allows one inspected global queue.	Does repeated short-horizon commitment produce a distinct failure mode from single-shot plan execution?	direct	https://www.jayisgames.com/review/enqbate.php
fl007	promote	topology-controlled-mixing	Liquid Colors	Adding walls quarantines fluid regions; removing walls merges connected colors according to a deterministic mixture rule, so partition topology controls when transformations occur.	q172 Fluid Blend	Walls determine component membership and transformation timing, rather than merely routing quantities through valves.	Can an agent use temporary partitions to stage noncommutative region transformations?	direct	https://jayisgames.com/review/liquid-colors.php
fl008	promote	dynamic-heightfield-control	Contour	The player raises and lowers terrain tiles beneath an autonomously rolling payload, continually changing its route through the height field.	f029 field-steering	The intervention edits a persistent scalar surface whose gradient causes motion; it does not place independent force emitters.	Can an agent infer and manipulate a discrete potential field while the affected object remains in motion?	direct	https://www.jayisgames.com/review/contour.php
fl009	promote	type-indexed-transition-laws	Agent Higgs	Particle types obey visibly different laws including pass-through, attraction, repulsion, decay, oscillation, and annihilation; puzzles compose the learned laws.	physics-concept cluster	The object type selects the transition algebra itself instead of changing only strength, color, or goal membership.	Can an agent learn a typed physics vocabulary and predict novel compositions of its laws?	direct	https://testtubegames.com/press/sheet.php?p=agent_higgs
fl010	promote	visit-count-route-erasure	Pyramids of Ra	Traversal consumes tiles after one or more visits and success requires clearing them all while preserving a route back to the start; delayed moves repeat the previous direction.	g050 Ash Path; g060 Snakelock	Tiles have heterogeneous visit durability, the terminal cell is the origin, and direction memory can force an unchosen traversal.	Can an agent jointly plan edge order, per-cell visit counts, returnability, and a visible forced-move clock?	adapt	https://www.neoseeker.com/pyramids-of-ra/faqs/270462-pyramids-of-ra-faq-frmt.html
fl011	promote	coverage-with-mutual-interference	Green Leprechauns	Placed emitters cover full rows and columns until blocked, numbered blockers impose exact local adjacency counts, and no two emitters may see each other.	coverage and exact-count cluster	A placement simultaneously contributes global line coverage, local clue satisfaction, and a pairwise nonvisibility constraint.	Can an agent coordinate three overlapping constraint systems generated by the same placements?	direct	https://www.coolmathgames.com/0-green-leprechauns
fl012	adapt	sparse-spatial-sensing	The Blind Swordsman	Enemies are localized through mutually exclusive front/back and near/far sound layers before a defensive response is chosen.	q016 Blind Guide	The information comes from direct but sparse spatial channels rather than another agent's motion; audio itself is not portable to ARC3.	Can equivalent visual pulses test active localization from factorized, intermittent cue channels?	adapt	https://evil-dog.newgrounds.com/news/post/891241
fl013	promote	complexity-gated-ecosystem	Extra-Terrarium	Plants, herbivores, and carnivores alter atmospheric balance; maintaining a more complex viable web unlocks additional species and therefore new system dynamics.	g013 Rot Garden; q168 Calibration Orchard	Progress depends on sustaining coupled trophic and atmospheric variables, not timing one spreading population or allocating from noisy estimates.	Can an agent discover that ecological complexity is both a stability burden and the unlock condition for new affordances?	direct	https://www.newgrounds.com/portal/view/570141
fl014	promote	sliding-infrastructure-plus-flow	Gravity Water	Iron plates are moved with Klotski-like sliding constraints to construct a gravity-driven route for water.	f029 field-steering	The flow infrastructure is itself a congested sliding-block state, so routing and rearrangement cannot be solved independently.	Can an agent plan a conduit while every conduit edit is constrained by the current packing geometry?	direct	https://at7games.com/index.php/game/Gravity_Water/113
fl015	promote	indirect-state-cycling	Bomb Disposal	Clicking a safe cell cycles it and its orthogonal neighbors through safe, warning, and bomb states, while bomb cells cannot be clicked directly.	grid-toggle cluster	The most dangerous states are non-addressable and must be removed through neighboring actions in a ternary, not binary, local system.	Can an agent invert a local transition operator when target cells become temporarily unselectable?	direct	http://ancho.web.fc2.com/bomb/pzlbomb.html
fl016	promote	directional-gate-herding	Speck Oppression	One-way fences are arranged to herd autonomous bouncing agents toward collectors while keeping the same moving population away from a vulnerable core.	f029 field-steering	Control is implemented by directional topology and has simultaneous attract-and-exclude objectives, not by vector fields.	Can an agent synthesize a passive gate layout satisfying destination and protection constraints under autonomous motion?	direct	https://www.jayisgames.com/review/speck-oppression.php
fl017	promote	cross-world-causal-coupling	juxtapose	Two travelers occupy mirrored worlds; resting switches the active world, and actions in one produce subtle persistent changes in the other.	q186 Deferred Mirror	The worlds are asymmetric causal views advanced through explicit alternation, not delayed copies of one action stream.	Can an agent infer cross-world intervention rules when only one coupled world can be acted in at a time?	adapt	https://jayisgames.com/review/juxtapose.php
fl018	promote	generational-agency	SpreadPath	The controlled organism cannot move; it spreads, and control effectively passes into the descendants that inherit the route-building task.	q003 Blind Growth	Agency migrates through a lineage of stationary descendants rather than shaping growth by an observer cone.	Can an agent plan reachability when every move creates the next actor instead of relocating the current one?	direct	https://www.jayisgames.com/review/spreadpath.php
fl019	adjacent	global-gravity-frame	Never End	Rotating the entire room changes gravity and therefore traversal; the direction from which a connected room is entered affects whether its geometry is solvable.	q102 Walking Room	The reference-frame operation changes gravity and preserves entry orientation across a room graph, whereas q102 couples motion inside a translating container to global travel.	Is cross-room orientation memory enough to make this a distinct reference-frame benchmark?	adapt	https://www.jayisgames.com/review/never-end.php
fl020	promote	counterattack-coverage-composition	Fiends	Every attack is legal only if nearby enemy counterattack ranges are neutralized by a composition of allies that distract, block, or attack from range.	tactical-role cluster	The puzzle is defined by overlapping retaliation neighborhoods and support roles rather than damage optimization or turn economy.	Can an agent compose spatially distinct support affordances to make a locally unsafe intervention safe?	direct	https://games.jayisgames.com/review/fiends.php
fl021	promote	granular-payload-frame-rotation	Sand Trap	The player rotates an entire maze so a granular payload pours through it; precise tilt duration and movable blockers change which route remains viable.	q102 Walking Room; f029 field-steering	A single global frame operation acts on many persistent grains and its effect depends on current distribution, not on an avatar or smooth field source.	Can a discrete ARC3 analogue capture distribution-aware global-frame planning without continuous motor precision?	adapt	https://www.jayisgames.com/review/sand-trap.php
fl022	promote	latent-species-requirements	ZOO Director	Each species has initially unknown terrain, food, social, and enclosure-size needs, revealed indirectly through hunger, solitude, mortality, and visitor response.	q168 Calibration Orchard	The hidden model is a multi-factor preference-and-dynamics table inferred from interventions, not a single noisy likelihood.	Can an agent conduct low-cost experiments to identify heterogeneous entity requirements before irreversible population loss?	adapt	https://jayisgames.com/review/zoo-director.php
fl023	promote	mode-coupled-actuator-network	Rubik's Clock	Peg configuration selects which subset of eighteen clock faces a corner rotation advances, with effects coupled across both sides of the object.	grid-toggle and twisty-puzzle cluster	An action's influence graph is reconfigured explicitly before each rotation and extends through two linked views.	Can an agent infer and exploit a small family of controllable coupling matrices?	direct	https://www.rubiks.com/solution-guides/rubiks-clock
fl024	promote	delayed-signal-causality	Digital circuit: Binary adder	Logic gates update with exaggerated propagation delay, allowing a state change to advance only one gate per tick through the circuit.	f034 finite-state filter	The core challenge is causal timing and transient states in a spatial logic network, not acceptance of token strings by a constructed automaton.	Can an agent distinguish stable logic from propagation transients and schedule interventions around signal latency?	direct	https://www.deviantart.com/donitz/art/Digital-circuit-Binary-adder-206860846
fl025	covered	factory-programming	Tile Factory	Conveyors, painters, stencils, rotators, sensors, and wired devices are laid out and simulated to manufacture target tiles.	f015 Factory Balls; f034 Manufactoria	The sensor wiring and simultaneous products are useful elaborations, but the core is already explained by our transformation-order and finite-state-factory lineages.	Retain as comparative prior art rather than claim a new family.	reject	https://www.jayisgames.com/review/tile-factory.php
fl026	adjacent	full-board-path-packing	Monsterz: Chainz of Friendz	Same-color terminals must be connected by noncrossing single chains while every usable board cell belongs to a chain.	path-packing cluster	The emotional crowding feedback is presentation; structurally this is a polished Numberlink-style coverage constraint.	Use as a difficulty and feedback reference, not a novelty claim.	reject	https://jayisgames.com/review/monsterz---chainz-of-friendz.php
fl027	adjacent	multi-operator-time-control	Time Travel Research Facility 2	Rewind, slow time, and future-displacement grenades manipulate different subsets of the scene to solve synchronization puzzles.	temporal-mechanic cluster	The multi-tool composition is richer than generic rewind, but a new benchmark would need a more exact distinction from existing replay and delay concepts.	Which state variables are rewound, slowed, or skipped, and can those scopes become the actual inference target?	adapt	https://hudecekpetr.cz/en/time-travel-research-facility-2/
fl028	covered	open-world-pursuit	[Together]	Two coupled fliers explore a continuous open world while a pursuing hazard and collectibles shape motion.	concurrent-control and pursuit clusters	Its distinctive achievement is affective presentation and nonlinearity rather than a mechanically under-covered reasoning demand.	Retain as evidence about atmosphere, not as a source for an ARC3 task family.	reject	https://images.jayisgames.com/review/together.php
fl029	promote	limited-deletion-material-reaction	Less is More?	The player removes a limited number of black separators, releasing colored materials with distinct movement and cyclic destruction relationships.	fl007 topology-controlled mixing	Both use partitions, but here deletion schedules autonomous materials whose motion laws and rock-paper-scissors reactions differ by type rather than merging connected regions into one color.	Can an agent choose a few structural deletions by predicting coupled material motion and nontransitive reactions?	adapt	https://mastorna.itch.io/less-is-more
fl030	promote	observation-with-adversary-cost	Unseen	Switchable lenses reveal otherwise unavailable blocks and hazards, but using a lens near a beast enrages it; safe progress therefore trades information and affordance discovery against detection.	q003 Blind Growth; q143 Costly Preview	Observation changes an adversary state and selects visible manipulable objects, rather than pruning growth or consuming an abstract simulation token.	Can an agent select sensing modes and locations so the information gained is worth the induced world-state cost?	adapt	https://huhwhozat.itch.io/unseen
fl031	promote	global-object-type-exchange	changeType()	Selecting two object classes swaps their behavior everywhere: spikes become platforms, walls become passable objects, enemies become harmless, and coins inherit another class's affordance.	f002 mutable rules	The world simultaneously retains its geometry while two named transition schemas exchange referents; the operative rule does not merely change between levels.	Can an agent reason counterfactually about a global ontology permutation and exploit both halves of the exchange?	direct	https://www.nitrome.com/blog/articles/1031/
fl032	promote	host-selected-embodiment	Parasite	A vulnerable controller attaches to different inhabitants, takes control of their movement, and uses the current host's unique ability to traverse the level.	role-swap embodiment cluster	Abilities are acquired by physically occupying a host whose body remains part of the world; planning therefore includes host order, access, and where each body is abandoned.	Can an agent choose a sequence of embodiments when each host changes both the action model and future reachability?	direct	https://www.nitrome.com/search.php?id=Parasite&page=1&search_type=default
fl033	promote	spatially-coexisting-rule-systems	Mega Mash	A broken multi-game cartridge creates adjacent regions with different controls and physics, while actions such as missiles or explosions cross the boundary and alter another region.	f002 mutable rules; f011 panel topology	Several rule systems coexist spatially and exchange causal effects; this is not one room changing one rule over time or panels merely changing adjacency.	Can an agent preserve multiple local transition models and reason about an intervention whose cause and effect occur under different rules?	adapt	https://www.westword.com/arts-culture/mega-mash-is-our-browser-game-of-the-week-5791021/
fl034	adjacent	perceptual-palette-as-collision-mask	Colour Blind	Collecting a color makes objects of that color visible and interactive; water removes held colors, which can delete both needed platforms and blocking hazards from the collision set.	observer-dependent and mode-gated-object clusters	The observation palette is also a persistent affordance inventory, but a benchmark must avoid reducing the problem to ordinary color-key matching.	Can visibility modes define reversible object existence while remaining legible without platforming precision?	adapt	https://jayisgames.com/review/colour-blind.php
fl035	covered	geometric-fold-topology	Fault Line	Dragging between node pairs folds a strip of the level out of existence so previously separated surfaces become adjacent.	f011 panel topology	Its continuous fold presentation is distinctive, but the portable atom is already represented by rearranging or removing view-space to create traversable adjacency.	Retain as a strong presentation reference for panel-topology games.	reject	https://www.nitrome.com/blog/articles/268/
fl036	adapt	morphology-as-program	Seaquence	Each creature's visible body encodes a step-sequencer program and synthesis parameters; multiple moving creatures execute their loops together as a spatial composition.	f034 finite-state filter	Morphology is a direct visualization of an executable local behavior, while the original objective is open-ended musical composition rather than puzzle solution.	Can an ARC3 task make body shape encode a transition kernel whose interactions must be inferred and composed visually?	adapt	https://inverted-audio.com/visual/seaquence/
fl037	promote	height-indexed-tipping-bridges	TipOver / Kung Fu Packing Crate Maze	The player stands only on crates; tipping an upright numbered crate lays an irreversible bridge whose length equals its height, and the player lands on the fallen span.	q053 Bridge Loom; existing bridge and crate-pushing games	The movable object's visible height stores both the future bridge length and the footprint needed to deploy it, while deployment irreversibly rewrites connectivity from the player's current support.	Can an agent plan an irreversible route when object orientation encodes both stored reach and the geometry created by using it?	direct	https://www.puzzlebeast.com/crate/
fl038	promote	mobile-morphing-scaffold	Enemy 585	An autonomous walker never stops or avoids danger; the player instead moves and rotates a differently shaped scaffold to catch, shelter, elevate, and redirect it through each hazard sequence.	a150 Intent Trace; q016 Blind Guide	The support object is the controlled body and repeatedly changes the walker's reachable surface while both keep moving; the player neither issues goals nor controls the walker directly.	Can an agent manipulate a reusable support geometry around an autonomous policy while predicting future contacts and safe waiting states?	adapt	https://www.jayisgames.com/review/enemy-585.php
fl039	adapt	variable-tether-embodiment	Knuckleheads	Two color-specific bodies are joined by a chain whose length the player expands and contracts; locomotion alternates which body anchors, follows, climbs, or strikes a compatible obstacle.	q171 Elastic Balance; distributed-agent cluster	The tether is simultaneously a distance constraint, a locomotion actuator, and a role-selection device, but the original depends too heavily on continuous timing for direct transfer.	Can a discrete ARC3 task make anchor choice and tether length jointly determine reachability and type-compatible interactions?	adapt	https://jayisgames.com/review/knuckleheads.php
fl040	covered	directed-single-seed-cascade	Yalpeyalper	Each cell points toward selected neighbors; choosing one start cell launches a deterministic directed cascade, and success requires reaching every cell.	q026 Controlled Cascade; f041 single-intervention chain	The directed graph is a crisp presentation, but choosing a seed to produce an exact global cascade is already explicit in the existing concept and lineage set.	Retain as a reference for visually encoding directed propagation without arrows.	reject	https://jayisgames.com/review/yalpeyalper.php
fl041	adjacent	orientation-matching-with-option-decay	Turnellio	Tiles stay in place and rotate through four orientations to form lines; every non-scoring rotation locks another tile, progressively shrinking the available action set.	pattern-rotation games; ordinary match removal	The unusual atom is not orientation matching itself but the stateful loss of future operators after unproductive interventions; a benchmark version would need a non-score objective.	Can failed local hypotheses visibly and persistently remove later actions without turning exploration into arbitrary punishment?	adapt	https://jayisgames.com/review/turnellio.php
fl042	adjacent	push-match-coverage	Pushori	Tiles enter a compact board from either side and may push an entire row; only vertical equal pairs clear, while progress tracks whether every location has been cleared at least once.	row-shift and coverage clusters	It couples occupancy manipulation to a second visit-history layer, but the random tile stream and match-pair objective are too conventional to justify direct promotion.	Can deterministic row insertions require clearing each cell through transient orthogonal matches while preserving future insertion capacity?	adapt	https://jayisgames.com/review/pushori.php
fl043	promote	cellular-automaton-initial-condition-synthesis	The irRegularGame of Life	The player adds a small initial set of cells, then simultaneous local rules run for a fixed number of generations; puzzles demand a specified terminal population or pattern.	q026 Controlled Cascade; a061 Predator Valve	The intervention is an initial-condition program for a spatial computation, and success is judged at an exact future horizon rather than by maximizing spread or regulating a live process.	Can an agent infer a local update law and synthesize a compact seed whose multi-step evolution reaches an exact terminal property?	direct	https://www.kongregate.com/en/games/squidsquid/the-irregulargame-of-life
fl044	promote	cross-controlled-living-platform	Symbiosis Snake	The player separately controls a snake and a platforming creature, while every segment of the snake's moving body is simultaneously the creature's traversable floor.	distributed-agent cluster; fl038 mobile morphing scaffold	Both bodies are controllable and reciprocally constrain one another: repositioning the support changes the passenger's path, while the passenger must remain viable on the continuously rewritten support.	Can an agent coordinate two action channels when one controlled body's entire geometry is the other body's temporary action space?	adapt	https://flashgames.cx/game/symbiosis-snake
fl045	promote	extraction-induced-threat-field	Rizk	Collectors harvest spatially distributed energy for a central organism, but extracting energy awakens local defenders and raises risk; defensive investment also consumes the resources needed for growth.	fl013 complexity-gated ecosystem; resource-allocation cluster	The player creates the hazard through the location and intensity of its own extraction, so reward acquisition, exposure, and defense are one coupled spatial intervention rather than independent meters.	Can an agent choose where and how strongly to extract when every gain endogenously reshapes the future threat field?	adapt	https://playerthree.com/portfolio/rizk
fl046	promote	complementary-shared-input	Poto & Cabenga	One binary hold/release signal controls two simultaneous runners under complementary mappings: while one advances or jumps, the other falls back or performs the opposite motion.	fl002 broadcast branch growth; synchronized-control cluster	A single command is broadcast through two different decoders, so every helpful action for one stream has an immediate opportunity cost in the other rather than applying the same operation everywhere.	Can an agent learn two coupled control mappings and schedule one shared bit so both trajectories satisfy independent constraints?	adapt	https://www.destructoid.com/a-mindbending-hands-on-with-poto-cabenga/
fl047	promote	transformed-view-only-geometry	noitcelfeR	Collision geometry and hazards may be invisible in the direct scene but visible in a vertically reflected view, requiring action in one coordinate frame from evidence shown in another.	q003 Blind Growth; active-sensing lineages	The missing geometry is continuously and deterministically available through a known spatial transform, not revealed by probing, light, or temporary sensing modes.	Can an agent align two coordinate frames and act on latent geometry observed only through a transformed companion view?	direct	https://www.kongregate.com/en/games/wixgames/noitcelfer
fl048	promote	movement-coupled-obstacle-field	Nudge	Every player step also moves color-coded obstacle classes along their own fixed axis; those mimicking blocks can push the player, balloons, and ordinary blocks while pursuing bombs advance in the same turn rhythm.	dynamic-maze and Sokoban clusters	A movement command is simultaneously locomotion and a broadcast update to several environmental policies, allowing remote manipulation but making every repositioning globally consequential.	Can an agent plan in a grid where each self-move also applies a typed transition to every responsive obstacle and adversary?	direct	https://jayisgames.com/review/nudge.php
fl049	adapt	multi-timescale-system-design	Starchitect	The player chooses a star, builds planets and moons, and attempts to establish life while stellar evolution advances at radically different scaled rates and eventually moves or destroys habitable zones.	f016 order-dependent growth; q184 Seeded Weather	Early structural choices determine both the rate of the slow process and the deadline imposed by a faster terminal process, but the source is an open-ended, real-time educational simulation rather than a compact puzzle.	Can a deterministic ARC3 game require choosing coupled subsystems whose visible timescales and terminal phases make some seemingly fertile plans mature too late?	adapt	https://www.starchitect.net/
