ts_epoch,iso_time,elapsed_s,cpu_total_pct,cpu0_pct,cpu1_pct,cpu2_pct,cpu3_pct,cpu4_pct,cpu5_pct,cpu6_pct,cpu7_pct,cpu8_pct,cpu9_pct,cpu10_pct,cpu11_pct,cpu12_pct,cpu13_pct,cpu14_pct,cpu15_pct,cpu16_pct,cpu17_pct,cpu18_pct,cpu19_pct,cpu20_pct,cpu21_pct,cpu22_pct,cpu23_pct,cpu24_pct,cpu25_pct,cpu26_pct,cpu27_pct,cpu28_pct,cpu29_pct,cpu30_pct,cpu31_pct,cpu32_pct,cpu33_pct,cpu34_pct,cpu35_pct,cpu36_pct,cpu37_pct,cpu38_pct,cpu39_pct,cpu40_pct,cpu41_pct,cpu42_pct,cpu43_pct,cpu44_pct,cpu45_pct,cpu46_pct,cpu47_pct,ram_pct,ram_used_gb,ram_total_gb,gpu0_util_pct,gpu0_mem_util_pct,gpu0_mem_used_mb,gpu0_mem_total_mb,gpu0_power_w,gpu0_temp_c,disk_used_pct,disk_free_gb,disk_read_mbps,disk_write_mbps,sampler_cpu_s
1784408674.38,2026-07-18T21:04:34,0.0,4.3,75.0,0.0,0.0,0.0,0.0,50.0,0.0,0.0,0.0,0.0,0.0,0.0,0.0,0.0,0.0,0.0,0.0,0.0,0.0,0.0,0.0,0.0,0.0,0.0,33.3,0.0,0.0,0.0,0.0,0.0,0.0,0.0,0.0,0.0,0.0,50.0,0.0,0.0,0.0,0.0,0.0,0.0,0.0,0.0,0.0,0.0,0.0,0.0,1.4,1.06,189.92,0,0,0,97887,47.11,28,0.0,20.94,22.99,0.0,0.03
1784408684.38,2026-07-18T21:04:44,10.0,0.6,0.1,0.0,0.4,0.0,0.0,0.0,2.1,7.2,0.3,0.0,2.4,0.2,0.2,0.4,0.0,0.1,10.2,0.0,0.2,0.1,0.0,0.1,0.6,0.1,0.0,0.1,0.0,0.2,0.0,0.0,0.1,0.0,0.2,0.5,0.3,0.4,1.3,0.1,0.0,0.1,0.0,0.0,0.1,0.1,0.1,0.4,-0.0,0.0,1.5,1.18,189.92,0,0,0,97887,47.10,28,0.0,20.94,7.62,4.33,0.03
1784408694.38,2026-07-18T21:04:54,20.0,0.4,0.0,0.0,0.0,0.1,0.1,0.0,0.0,0.0,0.8,0.5,2.0,0.5,0.0,0.0,0.0,-0.0,10.4,0.1,0.0,0.0,0.1,0.0,0.0,0.2,0.1,0.0,0.0,0.0,0.2,0.0,0.0,0.1,0.0,0.0,1.1,0.7,0.6,0.1,0.0,0.0,0.0,0.1,0.0,0.0,0.0,0.0,0.1,0.0,1.5,1.18,189.92,0,0,0,97887,47.02,28,0.0,20.94,0.11,6.83,0.04
1784408704.38,2026-07-18T21:05:04,30.0,0.4,0.0,0.0,0.1,0.0,0.0,0.0,0.1,0.0,0.1,1.1,3.3,0.7,1.3,0.0,0.0,0.0,12.6,0.1,0.0,0.0,0.0,0.0,0.0,0.2,0.0,0.2,0.1,0.0,0.0,0.0,0.0,0.0,0.0,0.0,0.7,0.0,0.0,0.0,0.1,0.0,0.0,0.0,0.0,0.0,-0.0,0.1,0.0,0.0,1.4,1.14,189.92,0,0,0,97887,47.00,28,0.0,20.94,0.02,0.19,0.05
1784408714.39,2026-07-18T21:05:14,40.0,1.2,0.0,0.0,0.0,0.0,0.1,0.1,0.1,0.0,0.0,0.3,0.3,0.7,0.2,0.0,0.0,0.1,49.6,0.2,-0.0,-0.0,0.1,0.0,-0.0,0.1,0.0,0.0,0.0,0.0,0.0,0.0,0.0,0.0,0.0,0.0,0.3,0.0,0.3,0.0,0.0,0.0,7.3,0.0,0.0,-0.0,0.0,0.0,-0.0,0.1,1.4,1.12,189.92,0,0,0,97887,47.04,28,0.0,20.94,1.31,8.8,0.05
1784408724.39,2026-07-18T21:05:24,50.0,2.0,0.0,0.0,0.0,0.0,0.0,0.1,0.0,0.0,0.0,0.0,0.0,0.0,0.1,0.1,0.0,-0.0,0.0,-0.0,0.0,0.0,-0.0,0.0,0.1,0.1,0.0,0.0,0.0,0.2,0.0,0.0,0.1,0.0,0.0,0.0,0.0,0.0,0.1,0.1,0.0,0.1,96.1,0.0,0.0,0.1,0.1,0.0,0.0,-0.0,1.5,1.15,189.92,0,0,0,97887,47.04,28,0.0,20.94,1.38,7.07,0.05
1784408734.39,2026-07-18T21:05:34,60.0,2.0,0.0,0.0,0.0,0.0,0.1,0.0,0.0,0.0,0.0,0.0,0.0,0.0,0.2,0.1,0.1,0.1,0.1,0.1,0.0,0.1,-0.0,0.1,0.1,-0.0,0.0,0.1,0.0,0.0,0.1,0.1,0.0,0.0,0.0,0.1,0.2,0.0,0.0,0.0,0.0,0.0,96.5,0.0,0.0,0.0,0.0,0.0,0.0,0.1,1.5,1.14,189.92,0,0,0,97887,47.07,28,0.0,20.94,1.1,4.83,0.05
1784408744.39,2026-07-18T21:05:44,70.0,2.2,0.1,0.0,0.0,0.0,0.0,0.0,0.0,0.0,0.8,0.1,0.0,0.0,0.0,0.0,0.0,-0.0,0.0,0.4,1.4,0.9,1.2,0.4,0.6,0.8,0.1,0.0,0.1,0.0,0.0,0.0,0.0,0.0,0.1,0.0,0.0,0.0,0.0,0.0,0.1,0.0,93.8,0.6,0.5,0.1,0.4,0.2,1.5,0.7,1.5,1.12,189.92,0,0,0,97887,46.96,28,0.0,20.94,8.92,526.41,0.05
1784408754.39,2026-07-18T21:05:54,80.0,1.8,13.4,0.0,0.0,0.0,0.0,0.0,0.0,0.0,0.9,0.0,0.0,0.1,0.0,0.0,0.0,-0.0,0.3,0.1,0.2,0.1,-0.0,0.3,0.0,0.5,0.1,0.1,0.0,0.1,0.1,0.0,0.0,0.0,0.0,0.0,0.0,0.1,0.0,0.0,0.2,0.0,48.2,19.3,0.3,-0.0,0.0,0.0,0.0,-0.0,1.5,1.12,189.92,0,0,0,97887,47.03,28,0.0,20.94,4.71,315.17,0.05
1784408764.39,2026-07-18T21:06:04,90.0,3.1,26.2,20.8,1.7,1.6,2.7,1.0,1.2,1.0,17.7,0.8,1.2,1.1,1.0,1.4,1.0,1.2,4.2,1.0,1.0,1.0,1.1,1.0,1.2,1.0,11.3,1.0,9.5,1.1,2.2,1.4,1.2,1.1,9.5,1.1,1.0,1.5,1.0,1.5,1.0,1.1,1.0,1.0,1.0,1.1,1.0,2.7,0.0,0.5,1.7,1.44,189.92,0,0,0,97887,47.06,28,50.9,10.27,10.7,671.75,0.05
1784408774.39,2026-07-18T21:06:14,100.0,3.8,39.7,2.1,5.6,3.8,2.2,1.9,2.0,4.4,15.7,3.2,3.5,1.8,2.0,2.0,2.0,2.1,2.0,2.0,2.0,2.0,2.1,3.0,3.1,2.1,2.0,1.0,4.2,2.0,2.5,2.9,2.0,1.9,19.4,1.0,4.0,2.0,2.2,1.9,1.9,2.0,2.0,2.0,2.2,2.1,2.0,7.7,0.1,0.2,1.9,1.92,189.92,0,0,3,97887,47.05,28,51.2,10.21,42.24,741.43,0.05
1784408784.39,2026-07-18T21:06:24,110.0,4.7,23.0,2.1,2.1,3.3,3.0,3.1,3.0,3.0,2.2,2.4,3.0,2.8,3.0,3.1,3.0,3.0,3.0,3.0,3.5,2.9,3.1,9.6,3.1,3.1,34.8,2.9,3.0,3.0,2.9,13.9,2.9,1.0,2.9,2.6,20.9,3.1,3.0,3.1,3.0,3.0,3.0,3.0,2.9,3.1,3.0,7.2,0.0,1.0,2.0,2.09,189.92,0,0,3,97887,47.03,28,51.3,10.18,10.81,360.02,0.05
1784408794.39,2026-07-18T21:06:34,120.0,4.8,2.0,2.0,3.0,2.4,3.1,2.9,3.0,3.1,42.2,2.1,2.9,3.1,3.1,3.1,2.1,2.9,3.0,3.0,3.0,3.4,3.4,3.0,3.4,5.5,2.9,3.0,2.0,3.0,3.0,4.6,3.0,3.1,20.5,3.0,3.0,3.1,3.1,3.0,3.0,2.0,29.9,3.4,3.1,4.1,3.5,8.9,0.3,0.0,2.8,3.57,189.92,0,0,3,97887,47.08,28,51.3,10.18,0.98,221.17,0.05
1784408804.39,2026-07-18T21:06:44,130.0,1.7,0.4,0.2,0.2,0.0,0.1,0.2,0.1,0.0,0.3,0.1,0.3,0.0,0.0,0.0,0.2,0.9,0.2,0.3,0.0,0.0,0.0,10.3,60.3,0.3,0.2,0.2,0.1,0.2,0.2,0.1,0.2,0.1,1.4,0.2,0.1,0.1,0.1,0.3,0.0,0.2,0.2,0.2,0.2,0.2,0.2,4.5,0.0,0.0,3.6,4.94,189.92,0,0,35325,97887,83.43,30,51.4,10.18,1.28,7.18,0.06
1784408814.39,2026-07-18T21:06:54,140.0,0.1,0.0,0.0,0.3,0.0,0.0,0.0,0.0,0.1,0.0,0.6,2.2,0.6,0.2,0.0,0.0,0.6,0.0,0.0,0.0,0.0,0.0,0.0,0.0,0.0,0.0,0.1,0.0,0.0,0.1,0.0,0.0,0.0,0.2,0.1,0.2,0.0,0.0,0.4,0.0,1.0,0.1,0.0,0.0,0.0,0.1,0.0,0.0,0.0,3.6,4.89,189.92,0,0,35325,97887,83.78,31,51.4,10.18,0.04,2.2,0.06
1784408824.39,2026-07-18T21:07:04,150.0,0.4,0.0,0.1,0.0,0.0,0.0,0.0,0.0,0.0,0.0,0.7,3.9,1.8,0.8,0.0,0.0,0.9,0.8,0.0,0.0,0.0,0.0,0.1,0.0,0.0,0.1,0.0,0.1,0.1,0.0,0.0,0.1,0.1,0.4,1.1,3.8,2.3,0.3,0.2,0.1,0.3,0.0,0.0,0.0,0.0,0.0,0.0,0.0,0.4,3.6,4.92,189.92,0,0,35325,97887,83.90,31,51.4,10.18,0.01,669.52,0.06
1784408834.39,2026-07-18T21:07:14,160.0,0.1,0.0,0.0,0.0,0.0,0.0,0.0,0.0,0.0,0.0,0.1,1.8,0.0,0.0,0.0,0.0,0.6,0.6,0.0,0.0,0.0,0.0,0.0,0.0,0.0,0.0,0.0,0.0,0.0,0.0,0.0,0.0,0.0,0.1,0.7,0.7,0.7,0.1,0.5,0.0,0.0,0.0,0.1,0.1,0.1,0.0,0.0,0.0,0.0,3.6,4.88,189.92,0,0,35325,97887,84.08,31,51.4,10.18,0.0,116.42,0.06
1784408844.39,2026-07-18T21:07:24,170.0,0.1,0.1,0.0,0.0,0.1,0.0,0.0,0.0,0.0,0.1,0.0,1.6,0.3,0.0,0.2,0.0,0.8,0.0,0.1,0.1,0.0,0.0,0.0,0.0,0.0,0.0,0.1,0.0,0.0,0.0,0.0,0.0,0.0,0.4,0.2,0.1,0.5,0.0,0.2,0.1,0.4,0.1,0.0,0.0,0.0,0.0,0.0,0.0,0.0,3.6,4.87,189.92,0,0,35325,97887,84.22,32,51.4,10.18,0.0,0.94,0.06
1784408854.39,2026-07-18T21:07:34,180.0,0.1,0.0,0.0,0.0,0.0,0.0,0.0,0.0,0.0,0.0,0.1,2.1,0.0,0.8,0.3,0.1,0.6,0.0,0.0,0.0,0.0,0.1,0.0,0.0,0.0,0.1,0.0,0.1,0.0,0.0,0.0,0.0,0.0,0.3,0.3,0.3,0.1,0.7,0.1,0.6,0.0,0.1,0.0,0.0,0.0,0.0,0.0,0.0,0.1,3.5,4.85,189.92,0,0,35325,97887,84.32,32,51.4,10.18,0.0,0.03,0.06
1784408864.39,2026-07-18T21:07:44,190.0,0.2,0.2,0.0,0.0,0.0,0.0,0.0,0.0,0.0,0.0,0.0,3.2,0.2,1.4,0.0,0.1,1.5,0.0,0.0,0.0,0.0,0.0,0.0,0.0,0.0,0.2,0.0,0.1,0.0,0.0,0.0,0.0,0.0,0.7,1.6,0.5,0.5,0.1,0.0,0.0,0.0,0.0,0.0,0.0,0.0,0.0,0.0,0.0,0.0,3.5,4.85,189.92,0,0,35325,97887,84.32,32,51.4,10.18,0.0,0.01,0.06
1784408874.39,2026-07-18T21:07:54,200.0,0.3,0.2,0.0,0.0,0.0,0.1,0.0,0.0,0.0,0.1,0.1,7.7,1.3,1.7,0.0,0.0,1.7,0.0,0.1,0.0,0.1,0.1,0.1,0.1,0.0,0.1,0.1,0.0,0.0,0.0,0.0,0.0,0.0,0.4,1.2,0.2,0.7,0.0,0.0,0.1,0.0,0.0,0.0,0.0,0.0,0.0,0.0,0.0,0.0,3.5,4.8,189.92,0,0,35325,97887,84.45,32,51.4,10.18,0.0,0.04,0.06
1784408884.39,2026-07-18T21:08:04,210.0,0.3,0.1,0.1,0.1,0.0,0.0,0.0,0.0,0.0,0.0,1.2,4.3,1.1,0.4,0.1,0.0,2.0,0.0,0.0,0.1,0.1,0.0,0.0,0.1,0.0,0.1,0.0,0.0,0.0,0.0,0.1,0.0,0.0,0.7,0.1,1.3,1.3,0.0,0.0,0.0,0.1,0.0,0.0,0.0,0.0,0.0,0.0,0.0,0.0,3.5,4.77,189.92,0,0,35325,97887,84.49,32,51.4,10.18,0.0,0.01,0.06
1784408894.39,2026-07-18T21:08:14,220.0,0.3,0.0,0.0,0.1,0.0,0.0,0.0,0.0,0.0,0.0,0.0,6.0,1.9,0.8,0.1,0.0,0.3,0.0,0.0,0.1,0.0,0.0,0.0,0.0,0.1,0.1,0.0,0.0,0.2,0.0,0.0,0.0,0.0,0.8,0.6,1.3,1.2,0.0,0.0,0.0,0.0,0.0,0.0,0.0,0.0,0.0,0.0,0.0,0.0,3.5,4.74,189.92,0,0,35325,97887,84.46,32,51.4,10.18,0.0,0.01,0.06
1784408904.39,2026-07-18T21:08:24,230.0,0.3,0.1,0.0,0.0,0.0,0.0,0.0,0.0,0.0,0.0,0.1,7.4,2.0,0.3,0.6,0.8,1.1,0.0,0.0,0.0,0.0,0.1,0.0,0.1,0.0,0.0,0.1,0.3,0.0,0.0,0.0,0.0,0.0,0.9,0.0,1.5,0.5,0.1,0.0,0.0,0.0,0.1,0.0,0.0,0.1,0.0,0.0,0.0,0.0,3.5,4.73,189.92,0,0,35325,97887,84.70,33,51.4,10.18,0.0,0.02,0.06
1784408914.39,2026-07-18T21:08:34,240.0,0.4,0.2,0.1,0.0,0.0,0.0,0.0,0.0,0.0,0.1,0.0,7.3,1.8,0.9,0.0,0.1,1.4,0.0,0.0,0.1,0.0,0.0,0.0,0.0,0.0,0.1,0.0,0.1,0.0,0.1,0.0,0.0,0.0,0.7,0.4,1.5,0.5,0.3,1.2,0.0,0.0,0.0,0.0,0.0,0.0,0.0,0.0,0.1,0.1,3.5,4.72,189.92,0,0,35325,97887,84.70,33,51.4,10.18,0.0,0.01,0.06
1784408924.39,2026-07-18T21:08:44,250.0,0.3,0.0,0.0,0.0,0.0,0.0,0.0,0.0,0.0,0.0,0.1,4.7,2.2,0.5,0.8,0.0,1.6,0.1,0.1,0.0,0.0,0.1,0.0,0.0,0.1,0.0,0.1,0.0,0.0,0.0,0.0,0.0,0.1,0.4,0.6,0.6,0.8,0.9,0.2,0.0,0.1,0.0,0.1,0.0,0.0,0.0,0.0,0.0,0.0,3.5,4.71,189.92,0,0,35325,97887,84.72,33,51.4,10.18,0.0,0.01,0.07
1784408934.39,2026-07-18T21:08:54,260.0,0.3,0.1,0.0,0.0,0.1,0.0,0.0,0.0,0.0,0.3,0.0,4.5,0.8,1.5,0.3,0.1,0.1,0.0,0.0,0.0,0.0,0.0,0.0,0.1,0.0,0.1,0.0,0.0,0.0,0.1,0.0,0.0,0.0,1.4,2.7,0.8,0.2,0.0,0.0,0.1,0.0,0.1,0.0,0.0,0.0,0.0,0.1,0.0,0.1,3.5,4.69,189.92,0,0,35325,97887,84.82,33,51.4,10.18,0.0,0.01,0.07
1784408944.39,2026-07-18T21:09:04,270.0,0.2,0.2,0.0,0.0,0.0,0.1,0.0,0.0,0.0,0.0,0.0,3.9,1.1,0.9,0.3,0.0,0.0,0.0,0.0,0.1,0.0,0.0,0.0,0.1,0.0,0.0,0.0,0.0,0.0,0.0,0.0,0.0,0.0,1.4,0.1,1.0,0.0,0.7,0.0,0.0,0.0,0.0,0.0,0.0,0.0,0.0,0.1,0.0,0.0,3.5,4.68,189.92,0,0,35325,97887,84.83,33,51.4,10.18,0.0,0.01,0.07
1784408954.39,2026-07-18T21:09:14,280.0,0.2,0.0,0.0,0.1,0.1,0.0,0.0,0.0,0.1,0.0,0.0,4.2,1.1,0.5,0.0,0.1,0.0,0.0,0.0,0.0,0.0,0.0,0.0,0.0,0.1,0.0,0.2,0.1,0.1,0.0,0.0,0.0,0.0,1.3,0.1,0.7,0.0,0.6,0.1,0.0,0.0,0.2,0.0,0.0,0.0,0.0,0.0,0.1,0.0,3.4,4.67,189.92,0,0,35325,97887,84.77,33,51.4,10.18,0.0,0.01,0.07
1784408964.39,2026-07-18T21:09:24,290.0,0.2,0.0,0.1,0.1,0.0,0.1,0.1,0.0,0.1,0.1,0.0,4.3,0.5,0.6,0.1,0.0,0.0,0.0,0.0,0.0,0.0,0.0,0.1,0.0,0.0,0.2,0.0,0.0,0.1,0.0,0.1,0.0,0.0,1.5,0.0,0.5,0.0,0.4,0.1,0.2,0.0,0.0,0.0,0.0,0.0,0.0,0.0,0.0,0.0,3.4,4.65,189.92,0,0,35325,97887,84.77,33,51.4,10.18,0.0,0.02,0.07
1784408974.39,2026-07-18T21:09:34,300.0,0.2,0.0,0.0,0.0,0.0,0.0,0.1,0.0,0.0,0.0,0.0,2.6,1.0,0.5,0.1,0.1,1.0,0.0,0.0,0.0,0.0,0.0,0.0,0.0,0.0,0.0,0.0,0.2,0.0,0.0,0.0,0.1,0.0,1.6,0.0,0.2,0.0,0.2,0.1,0.6,0.2,0.1,0.1,0.0,0.0,0.1,0.0,0.0,0.0,3.4,4.65,189.92,0,0,35325,97887,84.88,33,51.4,10.18,0.0,0.01,0.07
1784408984.39,2026-07-18T21:09:44,310.0,0.1,0.2,0.0,0.0,0.1,0.0,0.0,0.0,0.0,0.0,0.1,0.9,0.4,0.9,0.6,0.0,0.0,0.1,0.1,0.0,0.0,0.0,0.1,0.0,0.0,0.1,0.0,0.0,0.1,0.0,0.0,0.0,0.0,1.4,0.0,0.8,0.1,0.0,0.1,0.0,0.6,0.0,0.0,0.1,0.1,0.0,0.0,0.1,0.1,3.4,4.64,189.92,0,0,35325,97887,84.93,33,51.4,10.18,0.0,0.01,0.07
1784408994.39,2026-07-18T21:09:54,320.0,0.2,0.0,0.0,0.0,0.0,0.0,0.0,0.0,0.0,0.7,0.4,3.0,1.0,0.2,0.1,0.1,0.1,0.0,0.0,0.0,0.0,0.0,0.0,0.0,0.1,0.0,0.0,0.0,0.0,0.0,0.0,0.0,0.0,0.8,0.0,0.9,0.1,0.4,0.0,0.2,0.2,0.1,0.0,0.1,0.0,0.0,0.0,0.0,0.0,3.4,4.65,189.92,0,0,35325,97887,84.94,33,51.4,10.18,0.0,0.01,0.07
1784409004.39,2026-07-18T21:10:04,330.0,0.2,0.1,0.1,0.0,0.0,0.0,0.0,0.2,0.0,1.3,0.2,2.6,0.3,0.4,0.3,0.0,0.0,0.0,0.0,0.1,0.0,0.0,0.0,0.0,0.1,0.0,0.0,0.0,0.0,0.0,0.0,0.0,0.1,0.0,0.0,0.4,0.5,0.7,0.0,0.3,0.0,0.1,0.0,0.0,0.0,0.0,0.0,0.0,0.1,3.4,4.65,189.92,0,0,35325,97887,84.94,33,51.4,10.18,0.0,0.01,0.07
1784409014.39,2026-07-18T21:10:14,340.0,0.1,0.0,0.0,0.0,0.0,0.0,0.0,0.0,0.0,1.2,0.7,1.4,1.1,0.2,0.9,0.0,0.0,0.0,0.0,0.0,0.0,0.0,0.0,0.0,0.2,0.0,0.0,0.1,0.0,0.0,0.1,0.0,0.1,0.0,0.0,0.0,0.1,0.4,0.1,0.4,0.0,0.0,0.0,0.0,0.0,0.0,0.0,0.0,0.0,3.4,4.66,189.92,0,0,35325,97887,84.84,33,51.4,10.18,0.0,0.01,0.08
1784409024.39,2026-07-18T21:10:24,350.0,1.0,0.9,0.8,0.2,0.8,0.0,0.1,0.0,0.0,22.4,0.3,2.2,0.3,0.7,0.2,0.8,0.2,0.0,0.8,0.0,0.0,0.1,1.1,0.0,0.8,0.0,0.0,0.7,0.1,0.8,1.8,0.9,0.7,0.0,0.9,1.4,0.9,0.8,0.8,0.2,0.8,0.8,0.1,0.8,0.8,0.8,0.8,0.0,0.0,3.7,5.23,189.92,0,0,37117,97887,88.68,33,51.4,10.18,1.22,0.03,0.08
1784409034.39,2026-07-18T21:10:34,360.0,2.1,0.0,0.0,0.0,0.0,0.0,16.6,0.0,0.0,0.0,0.0,0.1,0.0,0.0,0.0,0.0,0.0,0.0,0.0,0.1,0.0,0.0,0.0,0.1,0.0,0.1,0.0,0.0,0.0,0.0,82.4,0.0,0.1,0.0,0.1,0.1,0.0,0.0,0.0,0.0,0.1,0.1,0.0,0.0,0.1,0.0,0.0,0.0,0.0,3.8,5.33,189.92,0,0,37799,97887,86.31,36,51.4,10.18,1.48,0.44,0.09
1784409044.39,2026-07-18T21:10:44,370.0,2.1,15.0,0.1,0.0,0.1,0.1,20.0,0.0,0.0,16.5,0.1,0.0,0.7,0.1,0.0,0.0,0.0,0.3,0.0,0.0,0.2,0.1,0.6,0.0,0.0,8.3,0.0,0.1,0.0,0.1,32.7,0.0,0.0,1.7,0.3,0.0,0.2,0.0,0.0,1.3,0.8,0.5,0.6,0.1,0.6,0.0,0.0,0.0,0.0,3.8,5.44,189.92,98,94,37799,97887,219.80,38,51.4,10.17,0.38,2.5,0.09
1784409054.39,2026-07-18T21:10:54,380.0,2.1,0.2,0.5,0.4,2.8,0.3,0.0,0.8,0.0,2.0,0.2,0.0,0.0,0.0,0.0,0.1,0.3,39.5,0.0,0.0,0.0,-0.0,0.0,0.0,0.0,2.6,0.0,0.4,3.6,0.0,0.0,0.0,-0.0,0.3,1.0,0.1,1.6,0.1,0.1,2.6,1.9,39.8,-0.0,0.1,0.0,0.0,0.0,0.0,0.0,3.9,5.5,189.92,0,0,37799,97887,209.07,38,51.4,10.17,0.23,8.65,0.09
1784409064.39,2026-07-18T21:11:04,390.0,2.1,0.0,0.0,0.0,0.0,0.0,0.0,0.0,0.0,1.8,0.0,0.0,0.1,0.0,0.0,0.0,0.1,22.5,16.5,0.0,0.0,0.0,0.0,0.0,0.8,0.0,0.2,0.0,0.0,0.0,0.0,0.0,0.0,14.1,0.1,0.0,0.0,0.1,0.0,0.0,0.0,18.5,26.1,0.0,0.0,0.1,0.0,0.0,0.0,4.1,5.85,189.92,0,0,37801,97887,169.48,36,51.4,10.17,0.05,0.24,0.09
1784409074.39,2026-07-18T21:11:14,400.0,2.1,1.1,0.0,0.1,0.0,0.1,0.0,0.9,0.0,45.7,0.2,0.0,0.1,0.2,0.4,0.1,0.0,0.4,0.1,0.0,0.0,0.0,0.1,1.2,0.8,1.1,0.0,1.1,0.8,0.2,0.0,0.0,0.0,39.1,0.1,0.0,0.2,0.0,0.0,0.0,0.0,4.3,0.6,0.0,3.5,0.0,0.0,0.0,0.0,4.1,5.99,189.92,0,0,37801,97887,149.54,38,51.4,10.17,0.19,81.14,0.09
1784409084.39,2026-07-18T21:11:24,410.0,2.1,1.0,0.0,0.1,0.0,0.0,0.0,0.4,0.1,51.5,0.1,0.0,0.0,0.0,0.2,0.0,0.0,0.0,0.0,0.0,0.0,1.7,0.9,3.4,1.4,0.0,0.0,0.0,1.2,1.6,0.0,0.0,0.0,27.8,0.0,0.0,0.1,0.0,0.0,0.0,0.0,1.9,0.6,3.1,3.1,0.6,0.1,0.0,0.0,4.2,6.13,189.92,0,0,41927,97887,165.54,38,51.4,10.17,0.05,0.27,0.09
1784409094.39,2026-07-18T21:11:34,420.0,2.1,1.2,0.0,1.1,0.0,0.0,0.1,0.2,0.0,7.8,0.0,0.4,0.0,0.1,0.0,3.7,3.4,41.9,0.0,0.0,0.0,0.1,0.5,0.0,0.0,0.0,0.0,0.0,0.0,3.3,0.0,0.0,0.1,0.1,1.8,0.2,0.4,0.0,0.0,1.5,2.3,30.3,0.0,1.1,0.0,0.0,0.0,0.0,0.0,4.3,6.23,189.92,96,91,41927,97887,150.24,37,51.4,10.17,0.23,13.0,0.09
1784409104.39,2026-07-18T21:11:44,430.0,2.1,0.1,0.0,0.0,0.1,0.5,0.0,0.6,0.0,7.8,29.2,-0.0,0.0,0.0,0.0,0.0,0.1,2.1,0.0,0.4,0.0,0.1,2.6,1.3,0.7,0.4,0.0,0.0,0.0,0.3,0.0,0.0,0.0,1.3,48.3,0.0,0.0,0.0,0.1,0.0,0.0,1.2,0.6,1.1,1.6,0.4,0.0,0.0,0.0,4.2,6.14,189.92,83,78,41927,97887,175.51,38,51.4,10.17,0.11,5.82,0.09
1784409114.39,2026-07-18T21:11:54,440.0,2.1,0.0,0.1,0.0,0.0,1.8,0.2,2.2,0.0,0.0,43.9,0.0,0.1,0.2,0.0,0.0,0.1,0.0,0.8,0.0,1.0,2.4,2.9,1.4,0.5,0.0,0.6,0.0,0.5,0.0,0.0,0.0,0.0,0.1,37.1,0.0,0.0,0.0,0.0,0.0,0.0,-0.0,0.1,2.6,0.8,1.1,0.8,0.0,0.0,4.3,6.26,189.92,0,0,41931,97887,148.82,41,51.4,10.17,0.06,4.1,0.09
1784409124.39,2026-07-18T21:12:04,450.0,32.9,6.0,9.3,3.1,33.8,29.4,13.4,3.2,6.1,5.0,14.6,7.3,23.3,69.8,13.3,69.8,0.2,32.6,0.9,6.5,3.6,6.1,18.3,61.9,76.4,37.9,70.3,12.7,47.1,29.8,66.9,76.0,70.5,21.0,76.9,44.9,19.9,14.1,69.8,13.8,73.7,29.7,44.6,76.6,76.9,70.9,21.7,0.1,0.2,18.0,32.23,189.92,0,0,41351,97887,145.91,40,51.4,10.17,26.77,62.87,0.1
1784409134.39,2026-07-18T21:12:14,460.0,34.3,0.3,89.4,0.5,0.5,0.9,18.3,79.2,99.6,1.8,0.4,1.4,2.4,1.5,0.3,100.0,0.4,1.4,30.4,0.2,0.1,0.1,1.5,12.1,100.0,100.0,10.7,0.3,100.0,0.3,81.7,21.0,0.5,12.2,100.0,3.0,2.4,99.0,100.0,0.3,100.0,1.5,70.1,100.0,100.0,100.0,0.8,1.9,0.1,40.8,75.54,189.92,0,0,41351,97887,145.94,40,51.4,10.17,5.9,169.32,0.1
1784409144.39,2026-07-18T21:12:24,470.0,33.7,24.7,36.0,20.7,65.7,4.9,10.3,45.6,60.3,1.2,0.1,70.6,30.6,39.0,0.2,6.5,75.7,20.9,95.8,5.4,17.3,0.1,2.4,9.2,72.4,68.6,44.3,4.2,9.9,26.8,84.9,49.6,36.1,31.1,70.4,29.1,0.4,56.4,97.5,6.3,0.3,4.2,0.0,90.7,60.3,96.9,30.6,2.2,0.0,10.7,18.42,189.92,0,0,41351,97887,146.25,41,51.4,10.17,1.57,0.07,0.1
1784409154.39,2026-07-18T21:12:34,480.0,6.4,5.0,0.6,17.7,0.2,0.2,45.4,9.8,0.4,0.1,0.0,0.3,3.8,18.9,0.0,0.0,0.1,17.0,16.4,0.2,0.5,4.9,0.0,0.6,0.4,0.0,0.2,0.1,0.0,12.7,16.6,5.7,17.5,5.0,2.6,24.4,11.3,6.9,14.9,0.2,0.1,30.4,0.3,8.1,0.1,5.6,3.3,0.0,0.0,8.3,13.96,189.92,0,0,41351,97887,146.16,40,51.4,10.17,0.37,6.03,0.1
1784409164.39,2026-07-18T21:12:44,490.0,2.1,0.0,0.0,10.6,0.7,0.0,16.3,0.0,2.1,0.0,0.2,0.0,0.0,0.0,0.0,0.1,0.1,0.0,0.1,0.1,0.0,0.0,0.2,38.7,0.0,0.0,0.0,0.0,0.0,0.0,0.0,0.0,31.0,0.1,0.0,0.0,0.0,0.5,0.0,0.1,0.0,-0.0,0.0,0.0,0.0,0.0,0.1,-0.0,0.0,7.6,12.6,189.92,62,55,43073,97887,295.49,43,51.4,10.17,0.13,1.14,0.1
1784409174.39,2026-07-18T21:12:54,500.0,2.2,0.3,0.2,0.0,43.6,0.3,0.0,0.2,0.3,0.0,0.0,0.2,2.2,0.3,0.3,0.1,0.0,0.0,0.0,0.1,0.4,0.3,0.1,0.0,0.2,0.1,0.0,0.2,36.3,0.3,0.2,0.0,0.1,0.0,0.3,1.2,0.3,15.3,0.0,0.0,0.2,1.2,0.2,0.1,0.0,0.1,0.0,0.0,0.0,7.6,12.45,189.92,0,0,65693,97887,147.21,41,51.4,10.17,0.07,6.11,0.1
1784409184.39,2026-07-18T21:13:04,510.0,2.1,0.0,0.0,0.0,58.9,0.0,0.0,0.0,0.0,0.1,0.0,0.0,0.1,0.0,0.0,0.0,0.0,0.0,0.1,0.0,0.1,0.0,0.0,0.1,0.0,0.1,0.1,0.0,41.1,0.0,0.0,0.0,0.0,0.1,0.0,0.1,0.0,0.0,0.0,0.0,0.1,0.0,0.0,0.0,0.0,0.0,0.0,0.0,0.0,7.3,11.95,189.92,0,0,65693,97887,147.16,41,51.4,10.17,0.0,0.9,0.1
1784409194.39,2026-07-18T21:13:14,520.0,2.1,0.0,0.0,0.1,100.0,0.0,0.0,0.0,0.0,0.0,0.0,0.1,0.0,0.0,0.0,0.2,0.0,0.1,0.1,0.0,0.0,0.0,0.1,0.1,0.0,-0.0,0.0,0.0,0.0,0.0,0.0,0.0,0.0,0.2,0.1,0.0,0.0,0.0,0.0,0.0,0.0,-0.0,0.0,0.0,0.1,0.0,0.0,0.1,0.1,7.0,11.39,189.92,0,0,65693,97887,146.78,41,51.4,10.17,0.01,0.38,0.1
1784409204.39,2026-07-18T21:13:24,530.0,2.1,0.0,0.1,0.0,100.0,0.0,0.0,0.0,0.0,0.0,0.0,0.0,0.1,0.0,0.0,0.1,0.1,0.0,0.0,0.0,0.1,0.0,0.0,0.0,0.0,0.0,0.0,0.0,0.0,0.0,0.0,0.0,0.0,0.0,0.0,0.0,0.0,0.0,0.1,0.0,0.0,0.0,0.0,0.0,0.1,0.0,0.0,0.0,0.0,6.7,10.79,189.92,0,0,65693,97887,146.73,41,51.4,10.17,0.0,0.03,0.1
1784409214.39,2026-07-18T21:13:34,540.0,2.7,4.9,0.1,3.0,70.3,0.1,7.7,0.0,0.0,0.0,0.1,0.0,0.1,0.1,0.0,0.0,0.0,0.0,0.0,0.1,0.1,0.1,3.3,0.0,0.2,12.8,1.5,0.0,0.0,0.0,0.0,0.0,0.0,2.7,12.0,0.1,0.0,0.1,0.0,0.0,0.1,0.1,10.5,0.2,0.0,0.1,0.0,0.0,0.0,6.9,11.18,189.92,0,0,85707,97887,88.99,38,51.4,10.17,0.5,3.75,0.1
1784409224.39,2026-07-18T21:13:44,550.0,2.1,0.1,0.0,0.0,0.0,0.1,0.0,0.0,0.0,0.0,0.0,0.0,0.0,0.0,0.0,0.0,0.0,0.0,0.0,0.0,0.0,0.0,-0.0,0.0,98.5,0.0,0.1,0.0,0.0,0.0,0.0,0.0,0.0,0.1,0.1,0.0,0.0,0.0,0.0,0.0,0.0,-0.0,0.0,0.0,0.0,0.0,0.0,-0.0,0.0,6.6,10.61,189.92,70,31,85709,97887,342.39,49,51.4,10.17,5.7,3.07,0.11
1784409234.39,2026-07-18T21:13:54,560.0,2.7,1.8,1.5,1.5,1.5,0.0,1.5,1.5,0.0,51.0,1.6,0.0,0.1,1.6,1.6,1.6,1.6,1.6,0.0,0.1,1.5,0.1,-0.0,1.6,42.0,0.0,0.0,0.1,0.0,1.4,0.0,0.0,1.5,1.5,1.6,1.6,1.7,0.0,0.1,0.0,0.0,0.0,1.5,0.0,0.1,0.0,1.5,0.1,0.1,5.9,9.22,189.92,0,0,89213,97887,149.54,43,51.4,10.17,0.02,3.84,0.11
1784409244.39,2026-07-18T21:14:04,570.0,1.4,0.2,0.1,0.1,0.0,1.1,0.0,0.1,0.1,1.2,0.0,0.1,0.0,0.0,0.1,0.1,0.0,0.0,0.0,0.0,0.1,0.0,0.0,0.1,61.2,1.2,0.1,0.1,0.1,0.2,0.1,0.0,0.0,0.1,0.0,0.1,0.4,0.0,0.3,0.0,0.2,0.1,0.2,0.1,0.0,0.0,0.0,0.0,0.0,6.0,9.47,189.92,0,0,89217,97887,148.80,43,51.4,10.17,0.02,2.53,0.11
1784409254.39,2026-07-18T21:14:14,580.0,2.1,0.0,0.0,0.1,0.1,0.0,0.1,0.1,0.0,0.0,0.0,0.0,0.1,0.0,0.0,0.0,0.0,0.1,0.0,0.0,0.0,0.0,0.1,0.0,100.0,0.0,0.0,0.0,0.1,0.0,0.0,0.1,0.0,0.0,0.0,0.0,0.1,0.0,0.0,0.0,0.0,0.0,0.0,0.0,0.0,0.1,0.0,-0.0,0.0,5.8,9.2,189.92,0,0,89217,97887,147.84,42,51.4,10.17,0.01,1.06,0.11
1784409264.39,2026-07-18T21:14:24,590.0,2.9,2.9,1.3,1.0,1.0,1.1,1.0,1.1,1.0,1.2,1.1,1.1,1.0,1.1,1.3,0.8,1.3,1.1,1.2,1.1,1.2,1.3,1.3,1.2,72.0,1.2,2.2,1.0,1.0,0.1,9.9,1.1,1.2,1.1,1.2,1.2,1.1,4.5,1.1,1.1,1.0,1.2,1.2,1.1,1.1,1.0,2.9,0.0,0.0,5.8,9.12,189.92,100,31,89221,97887,529.23,55,51.4,10.17,1.48,1.86,0.11
1784409274.39,2026-07-18T21:14:34,600.0,2.9,58.4,0.3,0.0,0.3,0.6,0.0,0.1,0.5,0.1,0.0,0.4,0.0,0.4,24.6,15.7,0.5,0.3,0.3,0.6,0.5,0.4,0.1,0.4,26.2,0.0,0.2,0.5,0.0,0.5,0.6,0.3,0.0,0.3,0.6,0.6,0.5,0.1,4.2,0.2,0.0,0.1,0.4,0.0,0.0,0.1,0.4,0.1,0.0,5.6,8.75,189.92,100,33,89221,97887,596.53,61,51.4,10.17,0.07,7.47,0.11
1784409284.39,2026-07-18T21:14:44,610.0,2.7,36.4,1.7,0.0,0.1,0.1,0.1,0.1,0.1,9.5,0.0,0.1,0.0,0.1,67.0,0.1,0.1,8.3,0.2,0.7,0.3,0.2,0.0,0.1,0.0,0.0,0.1,0.1,0.0,0.1,0.1,0.0,0.0,0.1,0.1,0.1,0.3,0.4,0.0,0.1,0.0,0.1,0.7,0.0,0.0,-0.0,0.7,0.0,0.0,5.4,8.43,189.92,99,57,89221,97887,440.69,57,51.4,10.17,0.07,1.33,0.11
1784409294.39,2026-07-18T21:14:54,620.0,2.9,39.9,17.9,0.1,0.9,0.0,0.3,0.0,0.0,8.2,0.9,0.0,0.0,0.1,0.0,0.0,0.1,45.9,0.0,0.5,0.4,0.1,0.1,0.5,0.2,0.5,0.0,0.0,0.0,0.1,0.0,0.0,0.4,17.6,0.1,0.3,0.1,0.1,1.4,1.3,0.3,0.0,0.0,0.0,0.1,0.8,1.3,-0.0,0.0,5.4,8.26,189.92,100,27,89221,97887,576.44,67,51.4,10.17,0.02,0.67,0.11
1784409304.39,2026-07-18T21:15:04,630.0,2.8,19.5,14.4,0.0,0.0,0.0,0.4,0.0,0.0,21.4,0.9,0.1,0.1,0.1,0.1,0.0,0.0,48.9,19.7,0.3,0.1,0.0,0.0,0.0,0.0,0.1,1.5,2.0,0.0,0.0,0.0,0.0,0.5,0.1,0.0,0.5,0.1,0.0,0.3,0.6,0.7,0.3,0.0,0.0,0.0,0.0,0.9,-0.0,0.1,5.2,8.04,189.92,100,78,89225,97887,468.90,62,51.4,10.17,0.01,0.24,0.11
1784409314.39,2026-07-18T21:15:14,640.0,2.5,0.1,25.2,0.1,0.1,0.1,0.2,0.0,0.1,0.0,0.6,0.4,0.2,0.0,0.0,0.0,0.0,91.6,0.0,0.0,0.0,0.0,0.0,0.0,0.0,0.0,0.0,0.0,0.1,0.2,0.0,0.0,0.2,0.0,0.0,0.9,0.1,0.0,0.2,0.0,0.0,0.0,0.0,0.0,0.0,0.0,0.8,-0.0,0.0,5.2,7.94,189.92,100,79,89225,97887,398.60,63,51.4,10.17,0.02,0.23,0.12
1784409324.39,2026-07-18T21:15:24,650.0,2.7,0.0,3.3,0.6,1.2,0.0,0.8,0.0,0.1,0.1,0.9,0.5,0.0,0.7,0.0,0.0,0.0,88.0,0.0,0.1,0.1,0.0,-0.0,0.0,0.0,0.1,27.4,0.0,0.0,0.0,1.1,0.5,2.8,0.1,0.0,0.1,0.1,0.0,0.0,0.0,0.0,0.0,0.0,0.0,0.0,0.0,1.1,-0.0,0.0,5.2,7.87,189.92,98,55,89225,97887,449.80,64,51.4,10.17,0.02,0.31,0.12
1784409334.39,2026-07-18T21:15:34,660.0,2.7,0.0,0.2,0.0,0.1,0.0,0.5,0.0,0.0,0.3,0.9,0.2,0.2,0.1,0.0,0.2,0.0,47.8,0.1,0.0,0.0,0.0,0.0,0.0,0.0,0.0,36.5,0.0,0.0,0.6,0.0,0.4,0.0,0.0,0.1,0.1,0.1,0.1,0.1,0.1,0.0,38.0,0.0,0.0,0.0,0.0,1.1,-0.0,0.0,5.1,7.77,189.92,99,33,89225,97887,506.53,69,51.4,10.17,0.01,0.64,0.13
1784409344.39,2026-07-18T21:15:44,670.0,2.5,0.0,0.7,0.0,0.0,0.0,0.0,0.2,0.1,0.0,0.8,0.0,0.0,0.0,0.0,0.0,0.0,0.0,0.0,0.0,0.0,0.0,0.0,0.0,0.0,0.1,23.4,0.1,0.1,0.0,0.0,0.1,0.0,0.1,0.1,0.1,0.4,0.1,0.0,0.1,0.1,91.7,0.0,0.0,0.0,0.0,0.7,0.0,0.0,5.1,7.74,189.92,100,80,89225,97887,461.58,67,51.4,10.17,0.02,0.29,0.13
1784409354.39,2026-07-18T21:15:54,680.0,2.7,0.0,0.1,0.0,0.0,0.0,0.8,0.2,0.1,0.3,0.9,0.4,0.6,0.1,0.0,0.0,0.2,0.0,0.0,0.1,0.0,0.1,0.1,0.0,0.1,0.0,36.0,0.0,0.0,0.2,0.5,0.0,0.1,0.0,0.0,0.0,0.3,0.1,0.3,0.1,0.3,85.9,0.0,0.0,0.1,0.0,1.5,-0.0,0.0,5.1,7.73,189.92,99,61,89227,97887,489.60,73,51.4,10.16,0.01,0.89,0.13
1784409364.39,2026-07-18T21:16:04,690.0,2.6,0.0,0.1,0.1,0.0,0.0,0.0,0.2,0.0,0.2,1.0,0.3,0.1,0.1,0.2,0.1,0.2,31.4,0.0,0.0,0.0,0.0,-0.0,0.0,0.0,0.0,33.9,0.4,0.1,0.0,0.0,0.3,0.2,0.0,0.0,0.1,0.9,0.2,0.2,0.0,0.0,54.8,0.1,0.0,0.0,0.0,1.0,-0.0,0.0,5.1,7.73,189.92,100,81,89227,97887,409.64,68,51.4,10.16,0.01,0.5,0.13
1784409374.39,2026-07-18T21:16:14,700.0,2.6,0.0,0.2,0.0,0.0,0.0,0.3,0.1,0.5,1.4,5.7,0.0,0.2,2.5,0.0,0.0,0.0,90.2,0.0,0.0,0.0,0.1,-0.0,0.0,0.0,0.0,18.0,0.6,0.2,0.4,0.0,0.0,0.0,0.1,0.0,0.1,0.1,0.0,0.0,1.3,0.0,0.0,0.0,0.0,0.0,0.1,1.4,0.1,0.1,5.1,7.71,189.92,100,81,89229,97887,436.31,72,51.4,10.16,0.02,0.69,0.13
1784409384.39,2026-07-18T21:16:24,710.0,2.6,0.0,0.1,0.0,0.1,0.0,0.0,0.0,0.0,0.0,23.1,0.0,0.0,9.1,0.0,0.0,0.0,87.6,0.0,0.0,0.0,0.0,-0.0,0.0,0.0,0.1,0.0,0.6,0.8,1.2,0.4,0.0,0.0,0.0,0.0,0.0,0.3,0.0,0.0,0.0,0.0,0.0,0.0,0.1,0.0,0.0,1.3,-0.0,0.0,5.1,7.71,189.92,100,81,89229,97887,410.44,69,51.4,10.16,0.01,0.72,0.13
1784409394.39,2026-07-18T21:16:34,720.0,2.6,25.5,0.2,0.5,0.6,0.1,0.5,0.0,0.1,0.0,4.3,1.0,0.3,0.1,1.0,0.0,0.2,89.1,0.0,0.0,0.0,0.0,-0.0,0.1,0.0,0.0,0.1,0.1,0.1,0.0,0.3,0.2,0.1,0.1,0.2,0.0,0.1,0.0,0.0,0.0,0.0,0.0,0.0,0.0,0.0,0.0,1.6,-0.0,0.0,5.1,7.7,189.92,100,82,89231,97887,481.30,70,51.4,10.16,0.01,1.18,0.13
1784409404.39,2026-07-18T21:16:44,730.0,2.7,6.2,16.6,0.5,0.1,0.0,0.0,0.0,0.4,0.1,0.3,0.1,0.1,0.1,0.8,0.2,0.0,87.9,0.0,0.0,0.1,0.0,0.0,0.0,0.0,10.0,0.4,0.2,0.1,0.6,0.2,0.0,0.0,0.2,2.1,0.2,0.5,0.6,0.1,0.0,0.2,0.0,0.0,0.0,0.0,0.0,1.8,-0.0,0.0,5.1,7.74,189.92,100,82,89239,97887,411.59,70,51.4,10.16,0.02,0.96,0.13
1784409414.39,2026-07-18T21:16:54,740.0,2.7,0.0,0.0,0.0,0.7,0.0,0.3,0.0,0.0,0.8,0.1,0.1,0.2,0.4,0.2,0.1,0.1,80.8,0.0,0.0,0.0,0.1,0.0,0.0,0.0,44.7,0.0,0.2,0.0,0.0,0.0,0.0,0.0,0.0,0.0,0.5,0.1,0.0,0.1,0.0,0.1,0.0,0.0,0.0,0.0,0.0,1.0,-0.0,0.0,5.1,7.73,189.92,99,41,89239,97887,578.22,73,51.4,10.16,0.01,0.46,0.13
1784409424.39,2026-07-18T21:17:04,750.0,2.8,0.1,0.0,0.2,0.1,0.0,0.0,0.1,0.0,36.2,6.3,0.0,0.0,0.1,0.0,0.0,0.1,82.7,0.0,0.0,0.0,0.0,0.0,0.0,0.0,2.4,0.1,0.4,0.1,0.1,0.9,1.2,0.7,0.0,0.0,0.0,0.1,0.0,0.0,0.9,0.2,0.0,0.1,0.0,0.0,0.0,1.8,-0.0,0.0,5.1,7.71,189.92,100,34,89239,97887,594.18,75,51.4,10.16,0.01,0.4,0.14
1784409434.39,2026-07-18T21:17:14,760.0,2.6,0.6,1.8,0.1,0.1,0.1,0.0,0.0,0.0,31.5,0.0,0.3,0.4,0.0,0.1,0.0,0.0,86.3,0.0,0.1,0.0,0.0,-0.0,0.0,0.0,0.0,0.0,0.1,0.3,0.0,0.4,0.5,0.4,0.2,0.0,0.1,0.2,0.0,0.3,0.1,0.2,0.0,0.0,0.0,0.0,0.1,1.1,-0.0,0.0,5.1,7.72,189.92,100,82,89241,97887,410.80,69,51.4,10.16,0.02,1.24,0.14
1784409444.39,2026-07-18T21:17:24,770.0,2.9,0.3,49.2,1.1,0.3,0.1,0.0,0.0,0.2,66.3,0.0,0.1,0.4,0.1,0.1,0.0,0.0,13.3,0.4,0.0,0.0,0.0,0.0,0.5,0.0,0.2,0.0,0.3,0.0,0.5,0.0,0.6,0.4,0.2,1.9,0.1,1.0,0.0,0.1,0.0,0.1,0.2,0.6,0.1,0.0,0.0,2.5,-0.0,0.0,5.1,7.72,189.92,99,43,89249,97887,523.15,73,51.4,10.16,0.01,1.44,0.14
1784409454.39,2026-07-18T21:17:34,780.0,2.9,0.2,50.8,0.1,0.4,0.3,0.0,0.0,0.0,29.0,0.0,0.5,0.1,0.2,0.3,0.2,0.0,49.4,0.0,0.1,0.6,0.0,-0.0,0.0,0.1,0.1,0.0,0.0,0.1,0.2,0.5,0.2,0.9,0.0,0.0,0.1,0.0,0.1,0.1,0.1,0.6,0.0,0.1,0.0,0.0,0.0,1.7,-0.0,0.0,5.1,7.75,189.92,99,72,89249,97887,514.91,72,51.4,10.16,0.02,0.67,0.14
1784409464.39,2026-07-18T21:17:44,790.0,2.6,12.0,11.3,0.8,0.2,0.0,0.2,0.0,0.0,1.5,0.0,0.6,0.0,0.1,0.1,0.0,0.0,91.6,0.0,0.0,-0.0,0.1,0.2,0.0,0.0,0.0,0.0,0.1,0.4,0.0,0.2,0.1,2.1,0.0,0.0,0.1,0.0,1.2,0.1,0.5,0.1,0.0,0.7,0.0,0.1,0.2,2.3,-0.0,0.1,5.1,7.75,189.92,99,66,89249,97887,433.52,72,51.4,10.16,0.01,0.72,0.14
1784409474.39,2026-07-18T21:17:54,800.0,2.7,11.1,0.3,0.1,0.1,0.0,0.0,0.0,0.0,42.0,0.4,0.3,0.1,-0.0,0.1,0.1,0.0,73.3,0.0,0.0,0.0,0.0,0.1,0.0,0.2,0.0,0.0,0.2,0.0,0.0,0.3,0.0,0.2,0.1,0.1,0.0,0.6,0.0,0.0,0.0,0.0,0.0,0.1,0.2,0.0,0.0,1.1,0.1,0.0,5.1,7.75,189.92,99,40,89251,97887,481.55,75,51.5,10.16,0.01,0.36,0.14
1784409484.39,2026-07-18T21:18:04,810.0,2.7,73.9,0.0,0.0,0.0,0.0,0.0,0.0,0.0,3.3,28.0,0.6,0.4,0.0,0.0,0.0,0.1,16.9,0.0,0.0,0.0,0.0,-0.0,0.4,0.0,0.0,0.0,0.0,0.0,0.0,0.0,0.1,0.0,0.0,0.0,0.0,0.1,0.0,0.1,0.0,0.3,0.8,0.7,0.2,0.8,0.4,0.2,0.0,0.0,5.1,7.74,189.92,100,83,89253,97887,450.22,78,51.5,10.16,0.01,1.33,0.14
1784409494.39,2026-07-18T21:18:14,820.0,2.9,75.7,0.0,0.1,0.1,0.0,0.0,0.0,0.2,29.6,4.3,0.3,0.1,0.0,0.1,0.0,0.0,20.0,0.0,0.0,1.2,0.0,-0.0,0.0,0.0,0.0,0.0,0.2,0.0,0.0,0.0,0.0,0.0,4.0,0.5,0.0,0.0,0.1,0.0,0.0,0.0,0.0,0.3,0.1,0.1,0.0,0.4,-0.0,0.1,5.1,7.76,189.92,99,50,89255,97887,596.35,78,51.5,10.16,0.01,1.3,0.14
1784409504.39,2026-07-18T21:18:24,830.0,2.8,83.3,0.1,0.0,0.1,0.0,0.1,0.1,0.0,0.0,0.0,0.5,1.1,0.6,0.5,0.1,0.1,19.4,20.3,0.5,0.9,0.3,0.3,0.1,0.0,0.0,0.0,0.1,0.0,0.0,0.0,0.0,0.1,0.1,0.0,0.0,0.0,2.3,0.3,0.5,0.0,0.1,0.1,0.1,0.1,-0.0,3.1,0.1,0.0,5.1,7.75,189.92,100,37,89259,97887,527.15,79,51.5,10.16,0.01,1.36,0.14
1784409514.39,2026-07-18T21:18:34,840.0,2.8,77.4,0.1,0.5,0.1,0.0,0.0,0.0,0.0,0.0,0.0,0.0,0.0,0.1,0.0,0.0,0.0,0.0,53.6,0.1,0.0,0.0,-0.0,0.1,0.0,0.0,0.0,0.0,0.0,0.0,0.0,0.0,0.1,0.0,0.0,0.0,0.1,0.0,0.0,2.0,0.1,0.0,0.0,0.0,0.0,0.0,0.8,-0.0,0.0,5.1,7.73,189.92,100,83,89259,97887,410.70,70,51.5,10.16,0.01,0.65,0.14
1784409524.39,2026-07-18T21:18:44,850.0,2.9,37.1,0.0,0.0,0.2,0.0,0.0,0.0,0.0,0.2,0.4,0.2,0.1,0.2,0.4,0.0,0.0,0.0,28.4,0.2,0.1,0.0,-0.0,0.0,0.0,39.0,0.0,0.1,0.0,0.1,0.0,0.0,0.0,0.0,0.1,0.1,0.0,0.1,0.7,0.8,0.2,0.3,26.3,0.0,0.0,0.2,2.0,-0.0,0.1,5.1,7.77,189.92,96,52,89261,97887,476.58,78,51.5,10.15,0.03,0.77,0.14
1784409534.39,2026-07-18T21:18:54,860.0,2.7,0.0,0.0,0.0,0.1,0.0,0.0,0.0,0.0,0.2,4.5,0.1,0.1,0.1,0.6,0.1,0.0,2.5,6.0,0.0,0.0,0.1,-0.0,0.0,0.0,85.5,0.1,0.0,0.0,0.0,0.0,0.1,0.0,0.0,0.0,0.0,0.7,0.0,0.3,0.6,0.1,0.2,24.1,0.0,0.1,0.4,1.9,-0.0,0.0,5.1,7.76,189.92,100,83,89265,97887,412.66,72,51.5,10.15,0.01,1.12,0.14
1784409544.39,2026-07-18T21:19:04,870.0,2.8,0.0,0.0,0.1,0.1,0.0,0.0,0.0,0.0,46.5,0.2,0.7,0.0,0.0,0.1,0.5,0.1,2.3,4.0,0.0,0.0,0.2,0.1,0.3,0.1,77.0,0.0,0.1,0.0,0.0,0.0,0.0,0.1,0.0,0.0,0.0,0.1,0.1,0.2,0.2,0.5,0.1,0.4,0.1,0.2,0.1,1.8,-0.0,0.0,5.1,7.76,189.92,100,84,89267,97887,444.07,79,51.5,10.15,0.01,1.02,0.14
1784409554.39,2026-07-18T21:19:14,880.0,2.7,0.0,0.1,0.0,0.0,0.2,0.0,0.0,0.0,7.7,0.0,0.1,0.1,0.0,0.1,0.0,0.0,38.2,0.1,0.0,0.2,0.0,0.0,0.0,0.1,81.0,0.0,0.0,0.0,0.0,0.0,0.0,0.0,0.0,0.0,0.0,0.3,0.0,0.0,0.0,0.2,0.2,0.4,0.3,0.0,0.0,0.9,-0.0,0.1,5.1,7.74,189.92,100,82,89267,97887,412.25,72,51.5,10.15,0.01,0.38,0.15
1784409564.39,2026-07-18T21:19:24,890.0,2.6,0.0,0.0,0.0,0.1,0.0,0.0,0.7,29.7,0.4,0.5,0.7,0.1,0.0,0.0,0.0,0.0,31.2,0.0,0.1,0.0,0.1,-0.0,0.0,0.0,57.3,0.0,0.1,0.0,0.0,0.0,0.1,0.0,0.0,0.0,0.2,0.0,0.4,0.1,0.0,0.7,0.0,0.4,0.1,0.1,0.0,1.6,-0.0,0.0,5.1,7.74,189.92,100,84,89269,97887,413.27,72,51.5,10.15,0.01,0.86,0.15
1784409574.39,2026-07-18T21:19:34,900.0,2.9,0.0,0.0,0.1,0.0,0.0,0.1,0.0,76.3,24.7,0.1,0.0,0.1,0.4,0.1,0.0,0.2,22.3,9.7,0.0,0.0,0.0,0.8,0.1,0.1,0.1,0.0,0.0,0.0,0.0,0.0,0.0,0.0,0.0,0.3,0.1,0.9,0.0,0.3,0.3,0.1,0.1,0.5,0.2,0.7,0.0,1.8,-0.0,0.0,5.1,7.77,189.92,99,76,89273,97887,483.27,72,51.5,10.15,0.01,1.89,0.15
1784409584.39,2026-07-18T21:19:44,910.0,2.7,0.0,0.4,0.3,0.1,0.2,0.1,0.1,54.4,29.0,0.1,0.0,0.1,0.1,0.2,0.0,0.3,1.8,39.5,0.0,0.1,0.6,0.1,0.2,0.0,0.1,0.6,0.3,0.1,0.2,0.1,0.0,0.1,0.1,0.1,0.0,0.1,0.1,0.1,0.1,0.0,1.0,0.1,0.0,0.0,0.1,0.0,-0.0,0.0,5.1,7.79,189.92,100,84,89273,97887,530.81,73,51.5,10.15,0.01,2.15,0.16
1784409594.39,2026-07-18T21:19:54,920.0,2.9,0.0,0.0,0.1,0.4,0.0,0.0,0.0,0.0,70.9,0.1,0.1,0.0,0.0,0.0,0.1,0.0,0.4,61.8,0.0,0.0,0.0,0.1,0.4,0.2,0.2,2.2,0.3,0.1,0.1,0.0,0.0,0.0,0.0,0.0,0.1,0.0,0.0,0.1,0.0,0.0,0.9,0.0,0.0,0.1,0.0,0.0,-0.0,0.0,5.1,7.78,189.92,100,34,89273,97887,601.04,78,51.5,10.15,0.01,1.88,0.16
1784409604.39,2026-07-18T21:20:04,930.0,3.0,0.4,0.0,0.2,0.3,0.5,0.0,0.0,0.1,67.6,0.0,0.1,0.1,0.0,0.0,0.0,0.1,0.0,72.9,0.1,0.2,0.0,-0.0,0.2,0.1,0.1,0.1,0.4,0.1,0.1,0.1,0.0,0.0,0.0,0.0,0.0,0.0,0.1,0.0,0.0,0.0,1.1,0.0,0.0,0.0,0.5,0.0,-0.0,0.0,5.1,7.79,189.92,100,84,89277,97887,443.95,71,51.5,10.15,0.01,2.17,0.16
1784409614.39,2026-07-18T21:20:14,940.0,2.9,62.0,0.0,0.0,0.0,0.0,0.5,1.5,0.0,70.3,0.1,0.0,0.0,0.1,0.0,0.0,0.0,0.0,0.0,0.1,0.1,1.2,0.0,0.5,0.3,0.2,0.0,0.2,0.1,0.0,0.0,0.0,0.0,0.0,0.0,0.0,0.2,0.0,0.0,0.0,0.1,1.9,0.0,0.1,0.1,0.0,0.2,0.1,0.0,5.1,7.78,189.92,100,35,89277,97887,600.35,77,51.5,10.15,0.01,0.36,0.16
1784409624.39,2026-07-18T21:20:24,950.0,2.9,38.3,0.2,0.0,0.0,0.1,0.0,0.2,0.2,71.6,0.1,0.0,0.0,0.1,0.1,0.0,0.1,8.0,0.0,0.0,-0.0,0.1,-0.0,0.0,0.4,16.8,0.0,0.5,0.1,0.0,0.1,0.0,0.1,0.1,0.0,0.0,0.0,0.0,0.0,0.0,0.0,1.4,0.0,0.2,0.2,0.0,0.0,-0.0,0.1,5.1,7.8,189.92,100,36,89277,97887,506.84,78,51.5,10.15,0.01,0.7,0.16
1784409634.39,2026-07-18T21:20:34,960.0,2.9,6.4,0.1,0.1,1.8,0.0,0.1,0.0,0.1,67.3,0.0,0.0,0.1,0.1,0.0,0.1,0.1,39.3,20.1,0.0,0.0,0.0,0.9,0.0,0.0,0.0,0.2,0.3,0.0,0.0,0.0,0.1,0.0,0.0,0.0,0.1,0.0,0.0,0.0,0.0,0.0,0.4,0.1,0.1,0.0,0.0,0.8,-0.0,0.1,5.1,7.78,189.92,100,35,89277,97887,604.26,78,51.5,10.15,0.01,0.6,0.16
1784409644.39,2026-07-18T21:20:44,970.0,3.2,0.1,0.0,0.0,1.1,0.1,0.9,0.1,0.0,65.2,0.1,0.1,0.0,0.0,0.0,0.0,0.0,0.1,80.7,0.0,0.3,0.0,0.1,0.0,0.1,0.1,0.0,0.5,0.1,0.0,0.4,0.2,0.2,0.0,0.0,0.0,0.0,0.0,0.0,0.0,0.0,0.2,0.0,0.1,0.0,-0.0,1.2,-0.0,0.0,5.1,7.78,189.92,100,84,89279,97887,461.02,71,51.5,10.15,0.01,1.14,0.16
1784409654.39,2026-07-18T21:20:54,980.0,2.8,0.0,0.0,0.0,0.1,0.2,0.5,0.0,1.2,75.3,0.0,0.1,0.0,0.0,0.0,0.0,0.0,2.6,0.1,0.0,0.2,0.0,53.0,0.0,0.5,0.1,0.0,0.3,0.1,0.0,0.0,0.0,0.0,0.0,0.1,0.0,0.0,0.0,0.0,0.0,0.0,0.4,0.1,0.0,0.2,0.1,1.3,-0.0,0.0,5.1,7.8,189.92,100,84,89281,97887,414.39,72,51.5,10.15,0.01,0.64,0.16
1784409664.39,2026-07-18T21:21:04,990.0,3.2,67.2,0.0,0.0,0.2,0.1,0.2,0.0,0.6,58.6,0.0,0.0,0.1,0.0,0.0,0.0,0.0,0.2,0.0,0.0,0.2,0.5,21.5,0.0,0.4,0.0,0.0,0.0,0.0,0.0,0.0,0.0,0.0,0.0,0.0,0.0,0.0,0.0,0.1,0.0,0.0,0.5,0.3,0.2,0.1,-0.0,1.7,-0.0,0.0,5.1,7.81,189.92,100,41,89281,97887,598.65,76,51.5,10.15,0.01,1.33,0.16
1784409674.39,2026-07-18T21:21:14,1000.0,3.0,0.0,0.0,0.1,0.0,0.6,0.0,0.3,0.2,64.4,0.1,0.0,0.0,0.1,0.0,0.0,0.0,0.0,0.0,0.0,0.0,0.0,0.0,0.4,-0.0,76.6,0.0,0.3,0.0,0.0,0.0,0.0,0.0,0.0,0.0,0.0,0.0,0.0,0.0,0.1,0.0,0.6,0.8,0.1,0.0,0.0,1.5,-0.0,0.0,5.1,7.8,189.92,100,37,89281,97887,456.25,78,51.5,10.15,0.0,0.97,0.17
1784409684.39,2026-07-18T21:21:24,1010.0,2.7,25.8,0.0,0.0,0.0,0.0,0.0,0.2,0.0,54.6,21.0,0.0,0.1,0.0,0.2,0.1,0.0,1.2,0.0,0.2,0.0,0.0,0.0,0.0,0.5,24.4,0.1,0.3,0.2,0.0,0.0,0.0,0.0,0.1,0.0,0.0,0.0,0.1,0.0,0.0,0.0,0.2,0.1,0.0,0.0,0.0,0.5,-0.0,0.0,5.1,7.8,189.92,100,84,89285,97887,414.10,72,51.5,10.15,0.0,0.6,0.17
1784409694.39,2026-07-18T21:21:34,1020.0,2.9,72.7,0.0,0.0,0.0,0.1,0.0,0.0,0.1,0.0,0.6,0.1,0.3,0.0,0.7,0.1,0.2,60.7,0.0,0.2,0.0,0.0,0.1,0.4,0.5,0.0,0.0,0.0,0.0,0.0,0.0,0.0,0.0,0.0,0.0,0.1,0.5,0.0,0.0,0.0,0.0,0.4,0.3,0.2,0.0,0.1,1.7,0.2,0.0,5.1,7.81,189.92,100,39,89285,97887,551.35,79,51.5,10.15,0.01,0.67,0.17
1784409704.39,2026-07-18T21:21:44,1030.0,2.9,71.3,0.0,0.0,0.1,0.0,0.0,0.0,0.0,0.0,0.0,0.0,0.1,0.2,0.2,0.7,0.6,3.1,10.4,0.0,-0.0,0.0,0.0,0.0,0.1,0.0,0.0,0.0,0.1,0.0,0.1,0.0,0.0,0.1,0.4,0.1,0.1,0.0,0.0,0.1,0.0,0.0,51.4,0.0,0.0,-0.0,1.0,-0.0,0.0,5.1,7.8,189.92,100,84,89285,97887,411.11,71,51.5,10.15,0.01,1.03,0.17
1784409714.39,2026-07-18T21:21:54,1040.0,3.0,68.8,0.0,0.1,0.0,0.0,0.0,0.0,0.0,8.9,0.2,0.1,0.0,1.5,0.0,0.2,0.1,4.4,0.9,0.0,0.0,0.3,0.2,0.0,0.6,0.0,0.0,0.0,0.0,0.1,0.0,0.0,0.1,0.1,0.0,0.1,0.2,0.0,0.1,0.0,0.1,0.3,53.7,0.0,1.1,0.0,1.7,-0.0,0.0,5.1,7.79,189.92,100,34,89287,97887,602.80,79,51.5,10.15,0.01,1.23,0.17
1784409724.39,2026-07-18T21:22:04,1050.0,3.1,62.4,0.0,0.0,0.0,0.0,0.0,0.0,0.0,81.5,0.0,0.1,0.4,0.1,0.3,0.0,0.0,0.0,0.1,0.8,0.2,0.7,0.5,0.6,0.5,0.0,0.1,0.0,0.1,0.1,0.0,0.0,0.0,0.0,0.0,0.0,0.0,0.0,0.0,0.0,0.0,0.0,0.0,0.2,0.1,-0.0,1.6,-0.0,0.0,5.1,7.81,189.92,100,41,89289,97887,601.75,78,51.5,10.14,0.01,2.14,0.17
1784409734.39,2026-07-18T21:22:14,1060.0,2.7,83.2,0.0,0.0,0.1,0.0,0.0,0.0,0.0,40.6,0.0,0.0,0.0,0.1,0.0,0.0,0.0,0.0,0.0,0.0,0.1,0.2,0.9,0.5,0.1,0.2,0.0,0.1,0.0,0.0,0.0,0.0,0.0,0.0,0.0,0.1,0.2,0.0,0.5,0.0,0.0,0.4,0.0,0.0,0.2,0.1,1.2,-0.0,0.0,5.1,7.8,189.92,100,84,89291,97887,448.86,76,51.5,10.14,0.0,0.57,0.17
1784409744.39,2026-07-18T21:22:24,1070.0,3.2,54.3,0.0,0.1,0.0,0.0,0.2,0.0,0.0,96.7,0.0,0.9,0.0,0.0,0.0,0.1,0.0,0.0,0.1,0.2,0.0,0.0,0.3,0.3,0.5,0.0,0.0,0.0,0.1,0.0,0.1,0.0,0.0,0.0,0.0,0.0,0.0,0.0,0.0,0.0,0.1,0.1,0.0,0.1,0.0,0.0,0.9,-0.0,0.2,5.1,7.81,189.92,100,35,89291,97887,602.02,79,51.5,10.14,0.01,1.44,0.17
1784409754.39,2026-07-18T21:22:34,1080.0,2.8,76.8,0.0,0.0,0.0,0.0,0.0,0.0,0.0,8.5,0.2,0.3,0.6,0.4,0.4,0.4,0.2,10.6,0.2,0.4,0.2,0.1,0.0,0.0,0.1,0.0,0.0,0.0,0.0,0.0,0.0,0.0,0.0,0.0,0.0,0.1,0.0,0.0,0.0,0.0,0.1,6.4,24.6,0.0,0.1,0.1,1.9,0.0,0.0,5.1,7.83,189.92,100,38,89291,97887,598.68,79,51.5,10.14,0.0,0.95,0.17
1784409764.39,2026-07-18T21:22:44,1090.0,2.9,69.1,0.0,0.0,0.0,0.0,0.0,0.0,0.1,14.0,0.0,0.3,0.1,0.0,0.0,0.2,0.0,0.0,5.1,0.3,-0.0,0.1,0.0,0.0,0.6,0.0,0.0,0.0,-0.0,0.0,0.0,0.0,0.0,0.0,0.0,0.2,0.1,0.0,0.1,0.1,0.0,0.0,49.6,0.1,0.0,-0.0,0.8,-0.0,0.0,5.1,7.83,189.92,100,35,89293,97887,603.35,79,51.5,10.14,0.01,0.89,0.17
1784409774.39,2026-07-18T21:22:54,1100.0,2.9,74.4,0.0,0.0,0.0,0.0,0.0,0.0,0.0,31.5,25.9,0.1,0.2,0.1,0.5,0.0,0.0,0.0,0.0,0.1,0.1,0.6,0.5,0.1,1.4,0.0,0.0,0.0,0.0,0.1,0.1,0.0,0.1,0.0,0.2,0.0,0.2,0.2,0.0,0.1,0.0,0.3,0.1,0.4,0.0,0.0,1.3,-0.0,0.0,5.1,7.81,189.92,100,81,89293,97887,557.90,73,51.5,10.14,0.01,1.16,0.17
1784409784.39,2026-07-18T21:23:04,1110.0,3.1,45.5,0.1,0.0,0.0,0.0,0.1,0.0,0.0,0.2,41.7,0.1,0.1,0.1,0.0,0.0,0.0,11.7,-0.0,0.2,0.0,0.1,-0.0,0.0,0.0,0.0,0.0,0.0,0.0,0.0,0.0,0.0,0.0,0.0,46.9,0.2,0.0,0.0,0.0,0.0,0.0,0.1,0.3,0.7,0.2,0.1,1.2,-0.0,0.0,5.1,7.81,189.92,100,44,89295,97887,601.46,79,51.5,10.14,0.01,1.1,0.17
1784409794.39,2026-07-18T21:23:14,1120.0,2.8,53.2,0.0,0.0,0.0,0.1,0.0,0.0,0.0,29.9,0.0,0.1,0.1,0.0,0.0,0.1,0.3,26.9,0.0,0.0,0.0,0.0,0.0,0.0,0.0,0.0,0.0,0.0,0.0,0.1,0.0,0.1,0.0,0.0,21.4,0.3,0.0,0.0,0.0,0.0,0.0,0.0,0.1,0.0,0.3,0.0,0.5,-0.0,0.0,5.1,7.8,189.92,100,84,89295,97887,410.83,71,51.5,10.14,0.0,0.46,0.17
1784409804.39,2026-07-18T21:23:24,1130.0,3.0,36.4,0.0,0.0,0.4,0.1,0.3,0.0,0.2,55.2,0.0,0.0,0.1,0.0,0.0,0.1,0.2,22.5,26.0,0.3,0.1,0.4,-0.0,0.0,0.0,0.2,0.1,0.1,0.0,0.0,0.0,-0.0,0.0,0.0,0.0,0.1,0.1,0.0,0.1,0.0,0.1,0.2,0.0,0.0,0.2,0.0,1.3,-0.0,0.0,5.1,7.81,189.92,100,36,89297,97887,599.62,78,51.5,10.14,0.01,0.98,0.18
1784409814.39,2026-07-18T21:23:34,1140.0,3.1,0.0,0.0,0.0,0.0,0.0,1.9,0.2,0.3,66.3,0.2,0.1,0.1,0.0,0.1,0.0,0.0,33.7,0.1,0.0,0.0,0.2,-0.0,0.0,0.0,0.4,0.2,0.0,0.0,0.1,0.0,0.0,0.0,0.1,0.2,0.0,0.1,0.0,0.0,0.0,0.1,42.6,0.1,0.1,0.3,0.1,0.3,0.2,0.1,5.1,7.82,189.92,100,36,89299,97887,600.46,79,51.5,10.14,0.0,0.43,0.18
1784409824.39,2026-07-18T21:23:44,1150.0,2.8,17.6,0.0,0.0,0.0,0.0,0.1,0.0,0.0,57.4,0.0,0.0,0.1,0.1,0.0,0.0,0.4,45.9,0.1,0.1,0.0,0.1,0.0,0.1,0.1,0.3,0.3,0.0,0.1,0.0,0.0,0.0,0.0,0.0,0.0,0.3,0.4,0.6,0.0,0.1,0.0,7.5,0.0,0.5,0.2,0.0,0.0,0.0,0.0,5.1,7.83,189.92,100,37,89299,97887,599.93,79,51.5,10.14,0.01,0.86,0.18
1784409834.39,2026-07-18T21:23:54,1160.0,2.7,82.0,0.1,0.0,0.0,0.0,0.0,0.0,0.0,0.1,0.0,0.1,0.0,0.0,0.0,0.0,0.0,44.8,0.0,0.0,0.1,0.0,0.0,0.0,0.0,0.0,0.0,0.0,0.0,0.0,0.2,0.0,0.0,0.0,0.0,0.4,0.2,0.3,0.3,0.0,0.0,0.4,0.0,0.0,0.0,0.0,0.0,-0.0,0.1,5.1,7.84,189.92,100,84,89301,97887,527.13,72,51.5,10.14,0.0,0.28,0.18
1784409844.39,2026-07-18T21:24:04,1170.0,2.9,72.9,0.1,0.0,0.0,0.0,0.0,0.0,0.0,30.3,0.0,0.5,2.2,0.1,0.5,0.0,0.0,27.6,0.0,0.0,0.1,0.5,0.1,0.0,0.0,0.0,0.0,0.0,0.0,0.0,0.0,0.0,0.0,0.1,0.0,0.6,0.1,0.4,0.3,0.0,0.0,2.3,0.3,0.2,0.0,0.0,0.0,-0.0,0.0,5.1,7.85,189.92,99,58,89301,97887,435.13,75,51.5,10.14,0.01,1.54,0.19
1784409854.39,2026-07-18T21:24:14,1180.0,3.1,41.9,0.0,0.0,0.0,0.0,0.0,0.0,0.0,0.0,0.0,0.1,80.5,0.0,0.1,0.1,0.0,1.1,0.0,0.0,0.0,0.3,0.4,0.6,0.1,20.4,0.0,0.0,0.0,0.0,0.0,0.0,0.0,0.0,0.0,0.2,0.1,0.3,0.6,0.3,0.0,0.2,2.2,0.0,0.1,0.0,0.1,-0.0,0.0,5.1,7.85,189.92,100,85,89301,97887,429.33,72,51.5,10.14,0.01,1.49,0.19
1784409864.39,2026-07-18T21:24:24,1190.0,3.3,1.2,0.0,0.2,0.0,0.1,0.0,20.7,0.1,1.2,0.4,0.6,34.2,0.6,0.3,0.5,12.2,29.6,0.0,0.3,0.6,1.5,0.3,0.4,0.3,37.7,0.0,0.0,0.0,0.0,0.0,7.3,0.0,0.1,0.1,0.2,5.7,1.1,0.1,0.0,0.0,0.0,0.4,0.4,0.0,0.3,0.2,-0.0,0.0,5.1,7.85,189.92,100,79,89303,97887,356.24,69,51.5,10.15,4.57,1.29,0.19
1784409874.39,2026-07-18T21:24:34,1200.0,2.6,0.0,0.0,0.1,0.0,0.0,0.1,100.0,0.0,1.9,2.9,0.2,0.0,0.1,0.0,0.7,12.9,1.9,0.0,0.4,0.1,0.1,0.0,0.0,0.0,0.1,0.0,0.0,0.0,-0.0,0.0,0.0,0.0,0.5,0.0,0.3,0.1,0.1,0.1,0.1,0.1,0.0,0.2,0.3,0.0,0.0,0.0,-0.0,0.0,5.2,7.87,189.92,100,82,89303,97887,374.50,67,51.5,10.15,0.02,2.28,0.19
1784409884.39,2026-07-18T21:24:44,1210.0,2.1,0.0,0.0,0.0,0.2,0.1,0.1,59.3,0.1,0.1,0.2,0.0,0.1,0.1,0.1,0.0,0.2,6.6,0.0,0.0,0.5,0.4,0.0,0.0,1.3,31.1,0.0,0.1,0.1,1.2,0.1,0.1,0.0,0.0,0.1,0.0,0.0,0.2,0.0,0.3,0.0,0.0,0.0,0.0,0.0,0.0,0.0,0.0,0.0,3.2,4.12,189.92,0,0,89303,97887,98.64,60,51.5,10.14,7.64,0.58,0.19
